[{"model": "admin.logentry", "pk": 1, "fields": {"action_time": "2022-12-12T18:29:58.264Z", "user": 2, "content_type": 4, "object_id": "3", "object_repr": "teacher1", "action_flag": 1, "change_message": "[{\"added\": {}}]"}}, {"model": "admin.logentry", "pk": 2, "fields": {"action_time": "2022-12-12T18:30:35.577Z", "user": 2, "content_type": 15, "object_id": "1", "object_repr": "Teacher object (1)", "action_flag": 1, "change_message": "[{\"added\": {}}]"}}, {"model": "admin.logentry", "pk": 3, "fields": {"action_time": "2022-12-12T18:36:04.051Z", "user": 2, "content_type": 4, "object_id": "3", "object_repr": "teacher1", "action_flag": 2, "change_message": "[{\"changed\": {\"fields\": [\"password\"]}}]"}}, {"model": "admin.logentry", "pk": 4, "fields": {"action_time": "2022-12-12T18:45:40.124Z", "user": 2, "content_type": 14, "object_id": "1", "object_repr": "Subject object (1)", "action_flag": 1, "change_message": "[{\"added\": {}}]"}}, {"model": "admin.logentry", "pk": 5, "fields": {"action_time": "2022-12-12T18:45:54.317Z", "user": 2, "content_type": 16, "object_id": "1", "object_repr": "Student object (1)", "action_flag": 1, "change_message": "[{\"added\": {}}]"}}, {"model": "admin.logentry", "pk": 6, "fields": {"action_time": "2022-12-12T18:46:11.543Z", "user": 2, "content_type": 17, "object_id": "1", "object_repr": "StGroup object (1)", "action_flag": 1, "change_message": "[{\"added\": {}}]"}}, {"model": "admin.logentry", "pk": 7, "fields": {"action_time": "2022-12-12T18:46:26.958Z", "user": 2, "content_type": 15, "object_id": "1", "object_repr": "Teacher object (1)", "action_flag": 2, "change_message": "[{\"changed\": {\"fields\": [\"Subject\"]}}]"}}, {"model": "admin.logentry", "pk": 8, "fields": {"action_time": "2023-01-03T16:08:42.769Z", "user": 2, "content_type": 3, "object_id": "1", "object_repr": "student", "action_flag": 1, "change_message": "[{\"added\": {}}]"}}, {"model": "admin.logentry", "pk": 9, "fields": {"action_time": "2023-01-03T16:09:16.045Z", "user": 2, "content_type": 3, "object_id": "2", "object_repr": "teacher", "action_flag": 1, "change_message": "[{\"added\": {}}]"}}, {"model": "admin.logentry", "pk": 10, "fields": {"action_time": "2023-01-03T16:09:39.993Z", "user": 2, "content_type": 4, "object_id": "1", "object_repr": "student1", "action_flag": 2, "change_message": "[{\"changed\": {\"fields\": [\"Groups\"]}}]"}}, {"model": "admin.logentry", "pk": 11, "fields": {"action_time": "2023-01-03T16:09:48.784Z", "user": 2, "content_type": 4, "object_id": "3", "object_repr": "teacher1", "action_flag": 2, "change_message": "[{\"changed\": {\"fields\": [\"Groups\"]}}]"}}, {"model": "admin.logentry", "pk": 12, "fields": {"action_time": "2023-01-04T20:25:37.666Z", "user": 2, "content_type": 18, "object_id": "1", "object_repr": "CommonTask object (1)", "action_flag": 1, "change_message": "[{\"added\": {}}]"}}, {"model": "admin.logentry", "pk": 13, "fields": {"action_time": "2023-01-04T20:26:17.590Z", "user": 2, "content_type": 18, "object_id": "2", "object_repr": "CommonTask object (2)", "action_flag": 1, "change_message": "[{\"added\": {}}]"}}, {"model": "admin.logentry", "pk": 14, "fields": {"action_time": "2023-01-11T11:21:38.175Z", "user": 2, "content_type": 4, "object_id": "1", "object_repr": "student1", "action_flag": 2, "change_message": "[{\"changed\": {\"fields\": [\"password\"]}}]"}}, {"model": "admin.logentry", "pk": 15, "fields": {"action_time": "2023-01-28T06:44:53.098Z", "user": 2, "content_type": 4, "object_id": "1", "object_repr": "student1", "action_flag": 2, "change_message": "[{\"changed\": {\"fields\": [\"password\"]}}]"}}, {"model": "admin.logentry", "pk": 16, "fields": {"action_time": "2023-01-28T06:45:07.880Z", "user": 2, "content_type": 4, "object_id": "1", "object_repr": "student1", "action_flag": 2, "change_message": "[{\"changed\": {\"fields\": [\"password\"]}}]"}}, {"model": "admin.logentry", "pk": 17, "fields": {"action_time": "2023-01-28T06:46:19.785Z", "user": 2, "content_type": 4, "object_id": "3", "object_repr": "teacher1", "action_flag": 2, "change_message": "[{\"changed\": {\"fields\": [\"password\"]}}]"}}, {"model": "admin.logentry", "pk": 18, "fields": {"action_time": "2023-01-28T07:58:34.879Z", "user": 2, "content_type": 4, "object_id": "3", "object_repr": "teacher1", "action_flag": 2, "change_message": "[{\"changed\": {\"fields\": [\"First name\"]}}]"}}, {"model": "admin.logentry", "pk": 19, "fields": {"action_time": "2023-01-28T07:59:15.085Z", "user": 2, "content_type": 14, "object_id": "1", "object_repr": "Физ-ра", "action_flag": 2, "change_message": "[{\"changed\": {\"fields\": [\"Teacher\"]}}]"}}, {"model": "admin.logentry", "pk": 20, "fields": {"action_time": "2023-01-29T08:15:44.130Z", "user": 2, "content_type": 19, "object_id": "20", "object_repr": "задача 2", "action_flag": 3, "change_message": ""}}, {"model": "admin.logentry", "pk": 21, "fields": {"action_time": "2023-01-29T08:15:44.197Z", "user": 2, "content_type": 19, "object_id": "19", "object_repr": "задача 2", "action_flag": 3, "change_message": ""}}, {"model": "admin.logentry", "pk": 22, "fields": {"action_time": "2023-01-29T08:15:44.263Z", "user": 2, "content_type": 19, "object_id": "18", "object_repr": "задача 1", "action_flag": 3, "change_message": ""}}, {"model": "admin.logentry", "pk": 23, "fields": {"action_time": "2023-01-29T08:15:44.313Z", "user": 2, "content_type": 19, "object_id": "17", "object_repr": "задача 1", "action_flag": 3, "change_message": ""}}, {"model": "admin.logentry", "pk": 24, "fields": {"action_time": "2023-01-29T08:15:44.363Z", "user": 2, "content_type": 19, "object_id": "16", "object_repr": "задача 2", "action_flag": 3, "change_message": ""}}, {"model": "admin.logentry", "pk": 25, "fields": {"action_time": "2023-01-29T08:15:44.421Z", "user": 2, "content_type": 19, "object_id": "15", "object_repr": "задача 2", "action_flag": 3, "change_message": ""}}, {"model": "admin.logentry", "pk": 26, "fields": {"action_time": "2023-01-29T08:15:44.479Z", "user": 2, "content_type": 19, "object_id": "14", "object_repr": "last_task", "action_flag": 3, "change_message": ""}}, {"model": "admin.logentry", "pk": 27, "fields": {"action_time": "2023-01-29T08:15:44.538Z", "user": 2, "content_type": 19, "object_id": "13", "object_repr": "last_task", "action_flag": 3, "change_message": ""}}, {"model": "admin.logentry", "pk": 28, "fields": {"action_time": "2023-01-29T08:15:44.596Z", "user": 2, "content_type": 19, "object_id": "12", "object_repr": "hf", "action_flag": 3, "change_message": ""}}, {"model": "admin.logentry", "pk": 29, "fields": {"action_time": "2023-01-29T08:15:44.655Z", "user": 2, "content_type": 19, "object_id": "11", "object_repr": "задача 2", "action_flag": 3, "change_message": ""}}, {"model": "admin.logentry", "pk": 30, "fields": {"action_time": "2023-01-29T08:15:44.713Z", "user": 2, "content_type": 19, "object_id": "10", "object_repr": "last_task", "action_flag": 3, "change_message": ""}}, {"model": "admin.logentry", "pk": 31, "fields": {"action_time": "2023-01-29T08:15:44.763Z", "user": 2, "content_type": 19, "object_id": "9", "object_repr": "задача 1", "action_flag": 3, "change_message": ""}}, {"model": "admin.logentry", "pk": 32, "fields": {"action_time": "2023-01-29T08:15:44.822Z", "user": 2, "content_type": 19, "object_id": "8", "object_repr": "sdfh", "action_flag": 3, "change_message": ""}}, {"model": "admin.logentry", "pk": 33, "fields": {"action_time": "2023-01-29T08:15:44.880Z", "user": 2, "content_type": 19, "object_id": "7", "object_repr": "задача 2", "action_flag": 3, "change_message": ""}}, {"model": "admin.logentry", "pk": 34, "fields": {"action_time": "2023-01-29T08:15:44.947Z", "user": 2, "content_type": 19, "object_id": "6", "object_repr": "задача 2", "action_flag": 3, "change_message": ""}}, {"model": "admin.logentry", "pk": 35, "fields": {"action_time": "2023-01-29T08:15:45.013Z", "user": 2, "content_type": 19, "object_id": "5", "object_repr": "задача 1", "action_flag": 3, "change_message": ""}}, {"model": "admin.logentry", "pk": 36, "fields": {"action_time": "2023-01-29T08:15:45.080Z", "user": 2, "content_type": 19, "object_id": "4", "object_repr": "задача 1", "action_flag": 3, "change_message": ""}}, {"model": "admin.logentry", "pk": 37, "fields": {"action_time": "2023-01-29T08:15:45.138Z", "user": 2, "content_type": 19, "object_id": "3", "object_repr": "задача 2", "action_flag": 3, "change_message": ""}}, {"model": "admin.logentry", "pk": 38, "fields": {"action_time": "2023-01-29T08:15:45.197Z", "user": 2, "content_type": 19, "object_id": "2", "object_repr": "задача 2", "action_flag": 3, "change_message": ""}}, {"model": "admin.logentry", "pk": 39, "fields": {"action_time": "2023-01-29T08:15:45.255Z", "user": 2, "content_type": 19, "object_id": "1", "object_repr": "задача 2", "action_flag": 3, "change_message": ""}}, {"model": "admin.logentry", "pk": 40, "fields": {"action_time": "2023-01-29T08:16:15.055Z", "user": 2, "content_type": 11, "object_id": "7", "object_repr": "z", "action_flag": 3, "change_message": ""}}, {"model": "admin.logentry", "pk": 41, "fields": {"action_time": "2023-01-29T08:16:15.120Z", "user": 2, "content_type": 11, "object_id": "6", "object_repr": "shdf", "action_flag": 3, "change_message": ""}}, {"model": "admin.logentry", "pk": 42, "fields": {"action_time": "2023-01-29T08:16:15.179Z", "user": 2, "content_type": 11, "object_id": "5", "object_repr": "shdf", "action_flag": 3, "change_message": ""}}, {"model": "admin.logentry", "pk": 43, "fields": {"action_time": "2023-01-29T08:16:15.245Z", "user": 2, "content_type": 11, "object_id": "4", "object_repr": "shdf", "action_flag": 3, "change_message": ""}}, {"model": "admin.logentry", "pk": 44, "fields": {"action_time": "2023-01-29T08:16:15.312Z", "user": 2, "content_type": 11, "object_id": "3", "object_repr": "shdf", "action_flag": 3, "change_message": ""}}, {"model": "admin.logentry", "pk": 45, "fields": {"action_time": "2023-01-29T08:16:15.420Z", "user": 2, "content_type": 11, "object_id": "2", "object_repr": "hgsdfh", "action_flag": 3, "change_message": ""}}, {"model": "admin.logentry", "pk": 46, "fields": {"action_time": "2023-01-29T08:16:15.487Z", "user": 2, "content_type": 11, "object_id": "1", "object_repr": "gasdg", "action_flag": 3, "change_message": ""}}, {"model": "admin.logentry", "pk": 47, "fields": {"action_time": "2023-01-29T09:32:32.257Z", "user": 2, "content_type": 14, "object_id": "1", "object_repr": "Физ-ра", "action_flag": 2, "change_message": "[{\"changed\": {\"fields\": [\"St group\"]}}]"}}, {"model": "admin.logentry", "pk": 48, "fields": {"action_time": "2023-01-29T09:34:45.620Z", "user": 2, "content_type": 16, "object_id": "1", "object_repr": "student1", "action_flag": 2, "change_message": "[{\"changed\": {\"fields\": [\"St group\"]}}]"}}, {"model": "admin.logentry", "pk": 49, "fields": {"action_time": "2023-01-31T13:28:22.211Z", "user": 2, "content_type": 22, "object_id": "1", "object_repr": "Document object (1)", "action_flag": 3, "change_message": ""}}, {"model": "admin.logentry", "pk": 50, "fields": {"action_time": "2023-01-31T13:48:53.405Z", "user": 2, "content_type": 22, "object_id": "6", "object_repr": "Document object (6)", "action_flag": 3, "change_message": ""}}, {"model": "admin.logentry", "pk": 51, "fields": {"action_time": "2023-01-31T13:52:48.036Z", "user": 2, "content_type": 22, "object_id": "5", "object_repr": "Document object (5)", "action_flag": 3, "change_message": ""}}, {"model": "admin.logentry", "pk": 52, "fields": {"action_time": "2023-01-31T13:52:48.083Z", "user": 2, "content_type": 22, "object_id": "4", "object_repr": "Document object (4)", "action_flag": 3, "change_message": ""}}, {"model": "admin.logentry", "pk": 53, "fields": {"action_time": "2023-01-31T13:52:48.166Z", "user": 2, "content_type": 22, "object_id": "3", "object_repr": "Document object (3)", "action_flag": 3, "change_message": ""}}, {"model": "admin.logentry", "pk": 54, "fields": {"action_time": "2023-01-31T13:52:48.224Z", "user": 2, "content_type": 22, "object_id": "2", "object_repr": "Document object (2)", "action_flag": 3, "change_message": ""}}, {"model": "admin.logentry", "pk": 55, "fields": {"action_time": "2023-02-01T15:30:19.859Z", "user": 2, "content_type": 11, "object_id": "11", "object_repr": "тест", "action_flag": 3, "change_message": ""}}, {"model": "admin.logentry", "pk": 56, "fields": {"action_time": "2023-02-01T15:30:19.985Z", "user": 2, "content_type": 11, "object_id": "7", "object_repr": "nb", "action_flag": 3, "change_message": ""}}, {"model": "admin.logentry", "pk": 57, "fields": {"action_time": "2023-02-01T15:30:20.047Z", "user": 2, "content_type": 11, "object_id": "5", "object_repr": "8", "action_flag": 3, "change_message": ""}}, {"model": "admin.logentry", "pk": 58, "fields": {"action_time": "2023-02-01T15:30:20.121Z", "user": 2, "content_type": 11, "object_id": "4", "object_repr": "8", "action_flag": 3, "change_message": ""}}, {"model": "admin.logentry", "pk": 59, "fields": {"action_time": "2023-02-01T15:30:20.188Z", "user": 2, "content_type": 11, "object_id": "3", "object_repr": "8", "action_flag": 3, "change_message": ""}}, {"model": "admin.logentry", "pk": 60, "fields": {"action_time": "2023-02-01T15:30:38.878Z", "user": 2, "content_type": 7, "object_id": "18", "object_repr": "тест", "action_flag": 3, "change_message": ""}}, {"model": "admin.logentry", "pk": 61, "fields": {"action_time": "2023-02-01T15:30:38.938Z", "user": 2, "content_type": 7, "object_id": "17", "object_repr": "nb", "action_flag": 3, "change_message": ""}}, {"model": "admin.logentry", "pk": 62, "fields": {"action_time": "2023-02-01T15:30:38.996Z", "user": 2, "content_type": 7, "object_id": "16", "object_repr": "8", "action_flag": 3, "change_message": ""}}, {"model": "admin.logentry", "pk": 63, "fields": {"action_time": "2023-02-01T15:30:39.055Z", "user": 2, "content_type": 7, "object_id": "15", "object_repr": "z", "action_flag": 3, "change_message": ""}}, {"model": "admin.logentry", "pk": 64, "fields": {"action_time": "2023-02-01T15:30:39.113Z", "user": 2, "content_type": 7, "object_id": "10", "object_repr": "shdf", "action_flag": 3, "change_message": ""}}, {"model": "admin.logentry", "pk": 65, "fields": {"action_time": "2023-02-01T15:30:39.188Z", "user": 2, "content_type": 7, "object_id": "9", "object_repr": "dfhsdf", "action_flag": 3, "change_message": ""}}, {"model": "admin.logentry", "pk": 66, "fields": {"action_time": "2023-02-01T15:30:39.238Z", "user": 2, "content_type": 7, "object_id": "8", "object_repr": "gsd", "action_flag": 3, "change_message": ""}}, {"model": "admin.logentry", "pk": 67, "fields": {"action_time": "2023-02-01T15:30:39.350Z", "user": 2, "content_type": 7, "object_id": "7", "object_repr": "gds", "action_flag": 3, "change_message": ""}}, {"model": "admin.logentry", "pk": 68, "fields": {"action_time": "2023-02-01T15:30:39.415Z", "user": 2, "content_type": 7, "object_id": "6", "object_repr": "hgsdfh", "action_flag": 3, "change_message": ""}}, {"model": "admin.logentry", "pk": 69, "fields": {"action_time": "2023-02-01T15:30:39.491Z", "user": 2, "content_type": 7, "object_id": "5", "object_repr": "asd", "action_flag": 3, "change_message": ""}}, {"model": "admin.logentry", "pk": 70, "fields": {"action_time": "2023-02-01T15:30:39.582Z", "user": 2, "content_type": 7, "object_id": "4", "object_repr": "sdg", "action_flag": 3, "change_message": ""}}, {"model": "admin.logentry", "pk": 71, "fields": {"action_time": "2023-02-01T15:30:39.657Z", "user": 2, "content_type": 7, "object_id": "3", "object_repr": "asg", "action_flag": 3, "change_message": ""}}, {"model": "admin.logentry", "pk": 72, "fields": {"action_time": "2023-02-01T15:30:39.724Z", "user": 2, "content_type": 7, "object_id": "1", "object_repr": "gasdg", "action_flag": 3, "change_message": ""}}, {"model": "admin.logentry", "pk": 73, "fields": {"action_time": "2023-02-01T15:32:34.803Z", "user": 2, "content_type": 4, "object_id": "4", "object_repr": "student2", "action_flag": 1, "change_message": "[{\"added\": {}}]"}}, {"model": "admin.logentry", "pk": 74, "fields": {"action_time": "2023-02-01T15:32:44.010Z", "user": 2, "content_type": 4, "object_id": "5", "object_repr": "student3", "action_flag": 1, "change_message": "[{\"added\": {}}]"}}, {"model": "admin.logentry", "pk": 75, "fields": {"action_time": "2023-02-01T15:32:51.236Z", "user": 2, "content_type": 4, "object_id": "6", "object_repr": "student4", "action_flag": 1, "change_message": "[{\"added\": {}}]"}}, {"model": "admin.logentry", "pk": 76, "fields": {"action_time": "2023-02-01T15:33:00.481Z", "user": 2, "content_type": 4, "object_id": "7", "object_repr": "student5", "action_flag": 1, "change_message": "[{\"added\": {}}]"}}, {"model": "admin.logentry", "pk": 77, "fields": {"action_time": "2023-02-01T15:33:20.924Z", "user": 2, "content_type": 4, "object_id": "8", "object_repr": "student6", "action_flag": 1, "change_message": "[{\"added\": {}}]"}}, {"model": "admin.logentry", "pk": 78, "fields": {"action_time": "2023-02-01T15:35:27.051Z", "user": 2, "content_type": 16, "object_id": "2", "object_repr": "student2", "action_flag": 1, "change_message": "[{\"added\": {}}]"}}, {"model": "admin.logentry", "pk": 79, "fields": {"action_time": "2023-02-01T15:35:32.206Z", "user": 2, "content_type": 16, "object_id": "3", "object_repr": "student3", "action_flag": 1, "change_message": "[{\"added\": {}}]"}}, {"model": "admin.logentry", "pk": 80, "fields": {"action_time": "2023-02-01T15:35:38.107Z", "user": 2, "content_type": 16, "object_id": "4", "object_repr": "student4", "action_flag": 1, "change_message": "[{\"added\": {}}]"}}, {"model": "admin.logentry", "pk": 81, "fields": {"action_time": "2023-02-01T15:35:43.374Z", "user": 2, "content_type": 16, "object_id": "5", "object_repr": "student5", "action_flag": 1, "change_message": "[{\"added\": {}}]"}}, {"model": "admin.logentry", "pk": 82, "fields": {"action_time": "2023-02-01T15:35:48.430Z", "user": 2, "content_type": 16, "object_id": "6", "object_repr": "student6", "action_flag": 1, "change_message": "[{\"added\": {}}]"}}, {"model": "admin.logentry", "pk": 83, "fields": {"action_time": "2023-02-01T15:53:58.540Z", "user": 2, "content_type": 18, "object_id": "34", "object_repr": "41", "action_flag": 3, "change_message": ""}}, {"model": "admin.logentry", "pk": 84, "fields": {"action_time": "2023-02-01T15:53:58.606Z", "user": 2, "content_type": 18, "object_id": "33", "object_repr": "77", "action_flag": 3, "change_message": ""}}, {"model": "admin.logentry", "pk": 85, "fields": {"action_time": "2023-02-01T15:53:58.681Z", "user": 2, "content_type": 18, "object_id": "32", "object_repr": "55", "action_flag": 3, "change_message": ""}}, {"model": "admin.logentry", "pk": 86, "fields": {"action_time": "2023-02-01T15:53:58.756Z", "user": 2, "content_type": 18, "object_id": "31", "object_repr": "h", "action_flag": 3, "change_message": ""}}, {"model": "admin.logentry", "pk": 87, "fields": {"action_time": "2023-02-01T15:53:58.831Z", "user": 2, "content_type": 18, "object_id": "30", "object_repr": "h", "action_flag": 3, "change_message": ""}}, {"model": "admin.logentry", "pk": 88, "fields": {"action_time": "2023-02-01T15:53:58.915Z", "user": 2, "content_type": 18, "object_id": "29", "object_repr": "2", "action_flag": 3, "change_message": ""}}, {"model": "admin.logentry", "pk": 89, "fields": {"action_time": "2023-02-01T15:53:58.998Z", "user": 2, "content_type": 18, "object_id": "28", "object_repr": "41", "action_flag": 3, "change_message": ""}}, {"model": "admin.logentry", "pk": 90, "fields": {"action_time": "2023-02-01T15:53:59.081Z", "user": 2, "content_type": 18, "object_id": "27", "object_repr": "11", "action_flag": 3, "change_message": ""}}, {"model": "admin.logentry", "pk": 91, "fields": {"action_time": "2023-02-01T15:53:59.148Z", "user": 2, "content_type": 18, "object_id": "26", "object_repr": "9", "action_flag": 3, "change_message": ""}}, {"model": "admin.logentry", "pk": 92, "fields": {"action_time": "2023-02-01T15:53:59.215Z", "user": 2, "content_type": 18, "object_id": "25", "object_repr": "7", "action_flag": 3, "change_message": ""}}, {"model": "admin.logentry", "pk": 93, "fields": {"action_time": "2023-02-01T15:53:59.298Z", "user": 2, "content_type": 18, "object_id": "24", "object_repr": "54", "action_flag": 3, "change_message": ""}}, {"model": "admin.logentry", "pk": 94, "fields": {"action_time": "2023-02-01T15:53:59.373Z", "user": 2, "content_type": 18, "object_id": "23", "object_repr": "14", "action_flag": 3, "change_message": ""}}, {"model": "admin.logentry", "pk": 95, "fields": {"action_time": "2023-02-01T15:53:59.456Z", "user": 2, "content_type": 18, "object_id": "22", "object_repr": "14", "action_flag": 3, "change_message": ""}}, {"model": "admin.logentry", "pk": 96, "fields": {"action_time": "2023-02-01T15:53:59.640Z", "user": 2, "content_type": 18, "object_id": "21", "object_repr": "123456", "action_flag": 3, "change_message": ""}}, {"model": "admin.logentry", "pk": 97, "fields": {"action_time": "2023-02-01T15:53:59.739Z", "user": 2, "content_type": 18, "object_id": "20", "object_repr": "123456", "action_flag": 3, "change_message": ""}}, {"model": "admin.logentry", "pk": 98, "fields": {"action_time": "2023-02-01T15:53:59.831Z", "user": 2, "content_type": 18, "object_id": "19", "object_repr": "123456", "action_flag": 3, "change_message": ""}}, {"model": "admin.logentry", "pk": 99, "fields": {"action_time": "2023-02-01T15:53:59.898Z", "user": 2, "content_type": 18, "object_id": "18", "object_repr": "123456", "action_flag": 3, "change_message": ""}}, {"model": "admin.logentry", "pk": 100, "fields": {"action_time": "2023-02-01T15:53:59.989Z", "user": 2, "content_type": 18, "object_id": "17", "object_repr": "1", "action_flag": 3, "change_message": ""}}, {"model": "admin.logentry", "pk": 101, "fields": {"action_time": "2023-02-01T15:54:00.089Z", "user": 2, "content_type": 18, "object_id": "16", "object_repr": "123", "action_flag": 3, "change_message": ""}}, {"model": "admin.logentry", "pk": 102, "fields": {"action_time": "2023-02-01T15:54:00.164Z", "user": 2, "content_type": 18, "object_id": "15", "object_repr": "123", "action_flag": 3, "change_message": ""}}, {"model": "admin.logentry", "pk": 103, "fields": {"action_time": "2023-02-01T15:54:00.239Z", "user": 2, "content_type": 18, "object_id": "14", "object_repr": "last_task", "action_flag": 3, "change_message": ""}}, {"model": "admin.logentry", "pk": 104, "fields": {"action_time": "2023-02-01T15:54:00.322Z", "user": 2, "content_type": 18, "object_id": "13", "object_repr": "sdfh", "action_flag": 3, "change_message": ""}}, {"model": "admin.logentry", "pk": 105, "fields": {"action_time": "2023-02-01T15:54:00.398Z", "user": 2, "content_type": 18, "object_id": "12", "object_repr": "hf", "action_flag": 3, "change_message": ""}}, {"model": "admin.logentry", "pk": 106, "fields": {"action_time": "2023-02-01T15:54:00.473Z", "user": 2, "content_type": 18, "object_id": "11", "object_repr": "hdf", "action_flag": 3, "change_message": ""}}, {"model": "admin.logentry", "pk": 107, "fields": {"action_time": "2023-02-01T15:54:00.548Z", "user": 2, "content_type": 18, "object_id": "10", "object_repr": "", "action_flag": 3, "change_message": ""}}, {"model": "admin.logentry", "pk": 108, "fields": {"action_time": "2023-02-01T15:54:00.639Z", "user": 2, "content_type": 18, "object_id": "9", "object_repr": "fdd", "action_flag": 3, "change_message": ""}}, {"model": "admin.logentry", "pk": 109, "fields": {"action_time": "2023-02-01T15:54:00.714Z", "user": 2, "content_type": 18, "object_id": "8", "object_repr": "asdgsagds gdsg sdg asd gsad gasd gasdgsagds gdsg sdg asd gsad gasd gasdgsagds gdsg sdg asd gsad gasd gasdgsagds gdsg sdg asd gsad gasd gasdgsagds gdsg sdg asd gsad gasd gasdgsagds gdsg sdg asd gsad ga", "action_flag": 3, "change_message": ""}}, {"model": "admin.logentry", "pk": 110, "fields": {"action_time": "2023-02-01T15:54:00.806Z", "user": 2, "content_type": 18, "object_id": "7", "object_repr": "gds", "action_flag": 3, "change_message": ""}}, {"model": "admin.logentry", "pk": 111, "fields": {"action_time": "2023-02-01T15:54:00.898Z", "user": 2, "content_type": 18, "object_id": "6", "object_repr": "fd", "action_flag": 3, "change_message": ""}}, {"model": "admin.logentry", "pk": 112, "fields": {"action_time": "2023-02-01T15:54:00.981Z", "user": 2, "content_type": 18, "object_id": "5", "object_repr": "", "action_flag": 3, "change_message": ""}}, {"model": "admin.logentry", "pk": 113, "fields": {"action_time": "2023-02-01T15:54:01.056Z", "user": 2, "content_type": 18, "object_id": "4", "object_repr": "fd", "action_flag": 3, "change_message": ""}}, {"model": "admin.logentry", "pk": 114, "fields": {"action_time": "2023-02-01T15:54:01.164Z", "user": 2, "content_type": 18, "object_id": "3", "object_repr": "sdf", "action_flag": 3, "change_message": ""}}, {"model": "admin.logentry", "pk": 115, "fields": {"action_time": "2023-02-01T15:54:01.231Z", "user": 2, "content_type": 18, "object_id": "2", "object_repr": "задача 2", "action_flag": 3, "change_message": ""}}, {"model": "admin.logentry", "pk": 116, "fields": {"action_time": "2023-02-01T15:54:01.297Z", "user": 2, "content_type": 18, "object_id": "1", "object_repr": "задача 1", "action_flag": 3, "change_message": ""}}, {"model": "admin.logentry", "pk": 117, "fields": {"action_time": "2023-02-01T15:54:12.195Z", "user": 2, "content_type": 7, "object_id": "19", "object_repr": "2", "action_flag": 3, "change_message": ""}}, {"model": "admin.logentry", "pk": 118, "fields": {"action_time": "2023-02-01T15:55:07.017Z", "user": 2, "content_type": 20, "object_id": "4", "object_repr": "66", "action_flag": 3, "change_message": ""}}, {"model": "admin.logentry", "pk": 119, "fields": {"action_time": "2023-02-01T15:55:07.103Z", "user": 2, "content_type": 20, "object_id": "3", "object_repr": "16", "action_flag": 3, "change_message": ""}}, {"model": "admin.logentry", "pk": 120, "fields": {"action_time": "2023-02-01T15:55:07.170Z", "user": 2, "content_type": 20, "object_id": "2", "object_repr": "16", "action_flag": 3, "change_message": ""}}, {"model": "admin.logentry", "pk": 121, "fields": {"action_time": "2023-02-01T15:55:07.236Z", "user": 2, "content_type": 20, "object_id": "1", "object_repr": "3", "action_flag": 3, "change_message": ""}}, {"model": "admin.logentry", "pk": 122, "fields": {"action_time": "2023-02-01T15:57:20.826Z", "user": 2, "content_type": 15, "object_id": "1", "object_repr": "Алексей Алексеевич", "action_flag": 2, "change_message": "[{\"changed\": {\"fields\": [\"Profile picture\"]}}]"}}, {"model": "admin.logentry", "pk": 123, "fields": {"action_time": "2023-02-03T18:24:23.197Z", "user": 2, "content_type": 19, "object_id": "33", "object_repr": "None", "action_flag": 3, "change_message": ""}}, {"model": "admin.logentry", "pk": 124, "fields": {"action_time": "2023-02-03T18:24:23.253Z", "user": 2, "content_type": 19, "object_id": "32", "object_repr": "None", "action_flag": 3, "change_message": ""}}, {"model": "admin.logentry", "pk": 125, "fields": {"action_time": "2023-02-03T18:24:23.318Z", "user": 2, "content_type": 19, "object_id": "31", "object_repr": "None", "action_flag": 3, "change_message": ""}}, {"model": "admin.logentry", "pk": 126, "fields": {"action_time": "2023-02-03T18:24:23.385Z", "user": 2, "content_type": 19, "object_id": "30", "object_repr": "None", "action_flag": 3, "change_message": ""}}, {"model": "admin.logentry", "pk": 127, "fields": {"action_time": "2023-02-03T18:24:23.453Z", "user": 2, "content_type": 19, "object_id": "29", "object_repr": "None", "action_flag": 3, "change_message": ""}}, {"model": "admin.logentry", "pk": 128, "fields": {"action_time": "2023-02-03T18:24:23.520Z", "user": 2, "content_type": 19, "object_id": "28", "object_repr": "None", "action_flag": 3, "change_message": ""}}, {"model": "admin.logentry", "pk": 129, "fields": {"action_time": "2023-02-03T18:24:23.587Z", "user": 2, "content_type": 19, "object_id": "27", "object_repr": "None", "action_flag": 3, "change_message": ""}}, {"model": "admin.logentry", "pk": 130, "fields": {"action_time": "2023-02-03T18:24:23.643Z", "user": 2, "content_type": 19, "object_id": "26", "object_repr": "None", "action_flag": 3, "change_message": ""}}, {"model": "admin.logentry", "pk": 131, "fields": {"action_time": "2023-02-03T18:24:23.711Z", "user": 2, "content_type": 19, "object_id": "25", "object_repr": "None", "action_flag": 3, "change_message": ""}}, {"model": "admin.logentry", "pk": 132, "fields": {"action_time": "2023-02-03T18:24:23.778Z", "user": 2, "content_type": 19, "object_id": "24", "object_repr": "None", "action_flag": 3, "change_message": ""}}, {"model": "admin.logentry", "pk": 133, "fields": {"action_time": "2023-02-03T18:24:23.834Z", "user": 2, "content_type": 19, "object_id": "23", "object_repr": "None", "action_flag": 3, "change_message": ""}}, {"model": "admin.logentry", "pk": 134, "fields": {"action_time": "2023-02-03T18:24:23.893Z", "user": 2, "content_type": 19, "object_id": "22", "object_repr": "None", "action_flag": 3, "change_message": ""}}, {"model": "admin.logentry", "pk": 135, "fields": {"action_time": "2023-02-03T18:24:23.952Z", "user": 2, "content_type": 19, "object_id": "21", "object_repr": "None", "action_flag": 3, "change_message": ""}}, {"model": "admin.logentry", "pk": 136, "fields": {"action_time": "2023-02-03T18:49:36.782Z", "user": 2, "content_type": 21, "object_id": "2", "object_repr": "AnsweredInfoTask object (2)", "action_flag": 3, "change_message": ""}}, {"model": "admin.logentry", "pk": 137, "fields": {"action_time": "2023-02-03T18:49:36.837Z", "user": 2, "content_type": 21, "object_id": "1", "object_repr": "AnsweredInfoTask object (1)", "action_flag": 3, "change_message": ""}}, {"model": "admin.logentry", "pk": 138, "fields": {"action_time": "2023-02-03T19:01:51.964Z", "user": 2, "content_type": 21, "object_id": "3", "object_repr": "AnsweredInfoTask object (3)", "action_flag": 2, "change_message": "[{\"changed\": {\"fields\": [\"Status\"]}}]"}}, {"model": "admin.logentry", "pk": 139, "fields": {"action_time": "2023-02-03T19:14:27.914Z", "user": 2, "content_type": 4, "object_id": "4", "object_repr": "student2", "action_flag": 2, "change_message": "[{\"changed\": {\"fields\": [\"Groups\"]}}]"}}, {"model": "admin.logentry", "pk": 140, "fields": {"action_time": "2023-02-03T19:14:56.942Z", "user": 2, "content_type": 4, "object_id": "5", "object_repr": "student3", "action_flag": 2, "change_message": "[{\"changed\": {\"fields\": [\"Groups\"]}}]"}}, {"model": "admin.logentry", "pk": 141, "fields": {"action_time": "2023-02-03T19:15:03.430Z", "user": 2, "content_type": 4, "object_id": "6", "object_repr": "student4", "action_flag": 2, "change_message": "[{\"changed\": {\"fields\": [\"Groups\"]}}]"}}, {"model": "admin.logentry", "pk": 142, "fields": {"action_time": "2023-02-03T19:15:12.727Z", "user": 2, "content_type": 4, "object_id": "7", "object_repr": "student5", "action_flag": 2, "change_message": "[{\"changed\": {\"fields\": [\"Groups\"]}}]"}}, {"model": "admin.logentry", "pk": 143, "fields": {"action_time": "2023-02-03T19:15:18.638Z", "user": 2, "content_type": 4, "object_id": "8", "object_repr": "student6", "action_flag": 2, "change_message": "[{\"changed\": {\"fields\": [\"Groups\"]}}]"}}, {"model": "admin.logentry", "pk": 144, "fields": {"action_time": "2023-02-03T19:15:49.142Z", "user": 2, "content_type": 4, "object_id": "1", "object_repr": "student1", "action_flag": 2, "change_message": "[{\"changed\": {\"fields\": [\"First name\"]}}]"}}, {"model": "admin.logentry", "pk": 145, "fields": {"action_time": "2023-02-03T19:16:47.411Z", "user": 2, "content_type": 4, "object_id": "4", "object_repr": "student2", "action_flag": 2, "change_message": "[{\"changed\": {\"fields\": [\"First name\"]}}]"}}, {"model": "admin.logentry", "pk": 146, "fields": {"action_time": "2023-02-03T19:17:25.025Z", "user": 2, "content_type": 4, "object_id": "5", "object_repr": "student3", "action_flag": 2, "change_message": "[{\"changed\": {\"fields\": [\"First name\"]}}]"}}, {"model": "admin.logentry", "pk": 147, "fields": {"action_time": "2023-02-03T19:17:45.274Z", "user": 2, "content_type": 4, "object_id": "6", "object_repr": "student4", "action_flag": 2, "change_message": "[{\"changed\": {\"fields\": [\"First name\"]}}]"}}, {"model": "admin.logentry", "pk": 148, "fields": {"action_time": "2023-02-03T19:18:10.335Z", "user": 2, "content_type": 4, "object_id": "7", "object_repr": "student5", "action_flag": 2, "change_message": "[{\"changed\": {\"fields\": [\"First name\"]}}]"}}, {"model": "admin.logentry", "pk": 149, "fields": {"action_time": "2023-02-03T19:19:35.149Z", "user": 2, "content_type": 4, "object_id": "8", "object_repr": "student6", "action_flag": 2, "change_message": "[{\"changed\": {\"fields\": [\"First name\"]}}]"}}, {"model": "admin.logentry", "pk": 150, "fields": {"action_time": "2023-02-05T07:48:08.550Z", "user": 2, "content_type": 14, "object_id": "1", "object_repr": "Математический анализ", "action_flag": 2, "change_message": "[{\"changed\": {\"fields\": [\"Title\"]}}]"}}, {"model": "admin.logentry", "pk": 151, "fields": {"action_time": "2023-02-05T07:50:08.331Z", "user": 2, "content_type": 14, "object_id": "2", "object_repr": "Дифференциальные уравнения", "action_flag": 1, "change_message": "[{\"added\": {}}]"}}, {"model": "admin.logentry", "pk": 152, "fields": {"action_time": "2023-02-05T07:52:01.526Z", "user": 2, "content_type": 4, "object_id": "9", "object_repr": "student1_2", "action_flag": 1, "change_message": "[{\"added\": {}}]"}}, {"model": "admin.logentry", "pk": 153, "fields": {"action_time": "2023-02-05T07:52:14.504Z", "user": 2, "content_type": 4, "object_id": "10", "object_repr": "student2_2", "action_flag": 1, "change_message": "[{\"added\": {}}]"}}, {"model": "admin.logentry", "pk": 154, "fields": {"action_time": "2023-02-05T07:52:26.683Z", "user": 2, "content_type": 4, "object_id": "11", "object_repr": "student3_2", "action_flag": 1, "change_message": "[{\"added\": {}}]"}}, {"model": "admin.logentry", "pk": 155, "fields": {"action_time": "2023-02-05T07:52:52.572Z", "user": 2, "content_type": 4, "object_id": "11", "object_repr": "student3_2", "action_flag": 2, "change_message": "[{\"changed\": {\"fields\": [\"Groups\"]}}]"}}, {"model": "admin.logentry", "pk": 156, "fields": {"action_time": "2023-02-05T07:52:58.866Z", "user": 2, "content_type": 4, "object_id": "9", "object_repr": "student1_2", "action_flag": 2, "change_message": "[{\"changed\": {\"fields\": [\"Groups\"]}}]"}}, {"model": "admin.logentry", "pk": 157, "fields": {"action_time": "2023-02-05T07:53:05.161Z", "user": 2, "content_type": 4, "object_id": "10", "object_repr": "student2_2", "action_flag": 2, "change_message": "[{\"changed\": {\"fields\": [\"Groups\"]}}]"}}, {"model": "admin.logentry", "pk": 158, "fields": {"action_time": "2023-02-05T07:54:12.594Z", "user": 2, "content_type": 17, "object_id": "2", "object_repr": "202-А", "action_flag": 1, "change_message": "[{\"added\": {}}]"}}, {"model": "admin.logentry", "pk": 159, "fields": {"action_time": "2023-02-05T07:55:02.107Z", "user": 2, "content_type": 16, "object_id": "7", "object_repr": "student1_2", "action_flag": 1, "change_message": "[{\"added\": {}}]"}}, {"model": "admin.logentry", "pk": 160, "fields": {"action_time": "2023-02-05T07:55:10.952Z", "user": 2, "content_type": 16, "object_id": "8", "object_repr": "student2_2", "action_flag": 1, "change_message": "[{\"added\": {}}]"}}, {"model": "admin.logentry", "pk": 161, "fields": {"action_time": "2023-02-05T07:55:15.008Z", "user": 2, "content_type": 16, "object_id": "9", "object_repr": "student3_2", "action_flag": 1, "change_message": "[{\"added\": {}}]"}}, {"model": "admin.logentry", "pk": 162, "fields": {"action_time": "2023-02-05T07:57:24.795Z", "user": 2, "content_type": 4, "object_id": "12", "object_repr": "teacher2", "action_flag": 1, "change_message": "[{\"added\": {}}]"}}, {"model": "admin.logentry", "pk": 163, "fields": {"action_time": "2023-02-05T07:57:40.924Z", "user": 2, "content_type": 4, "object_id": "12", "object_repr": "teacher2", "action_flag": 2, "change_message": "[{\"changed\": {\"fields\": [\"First name\"]}}]"}}, {"model": "admin.logentry", "pk": 164, "fields": {"action_time": "2023-02-05T07:57:57.746Z", "user": 2, "content_type": 15, "object_id": "2", "object_repr": "Евгений Васильевич", "action_flag": 1, "change_message": "[{\"added\": {}}]"}}, {"model": "admin.logentry", "pk": 165, "fields": {"action_time": "2023-02-05T07:59:43.418Z", "user": 2, "content_type": 14, "object_id": "3", "object_repr": "Интегральное исчисление", "action_flag": 1, "change_message": "[{\"added\": {}}]"}}, {"model": "admin.logentry", "pk": 166, "fields": {"action_time": "2023-02-05T08:00:22.639Z", "user": 2, "content_type": 14, "object_id": "4", "object_repr": "Программирование на C++", "action_flag": 1, "change_message": "[{\"added\": {}}]"}}, {"model": "admin.logentry", "pk": 167, "fields": {"action_time": "2023-02-05T08:00:47.068Z", "user": 2, "content_type": 14, "object_id": "5", "object_repr": "Устройство ЭВМ", "action_flag": 1, "change_message": "[{\"added\": {}}]"}}, {"model": "admin.logentry", "pk": 168, "fields": {"action_time": "2023-02-05T08:02:20.004Z", "user": 2, "content_type": 14, "object_id": "6", "object_repr": "Разработка программных систем", "action_flag": 1, "change_message": "[{\"added\": {}}]"}}, {"model": "admin.logentry", "pk": 169, "fields": {"action_time": "2023-02-05T08:03:26.262Z", "user": 2, "content_type": 14, "object_id": "7", "object_repr": "Операционные системы", "action_flag": 1, "change_message": "[{\"added\": {}}]"}}, {"model": "admin.logentry", "pk": 170, "fields": {"action_time": "2023-02-05T08:04:45.279Z", "user": 2, "content_type": 14, "object_id": "8", "object_repr": "Численные методы", "action_flag": 1, "change_message": "[{\"added\": {}}]"}}, {"model": "admin.logentry", "pk": 171, "fields": {"action_time": "2023-02-05T08:05:32.163Z", "user": 2, "content_type": 14, "object_id": "9", "object_repr": "Базы данных", "action_flag": 1, "change_message": "[{\"added\": {}}]"}}, {"model": "admin.logentry", "pk": 172, "fields": {"action_time": "2023-02-05T08:09:46.230Z", "user": 2, "content_type": 4, "object_id": "13", "object_repr": "teacher3", "action_flag": 1, "change_message": "[{\"added\": {}}]"}}, {"model": "admin.logentry", "pk": 173, "fields": {"action_time": "2023-02-05T08:10:26.281Z", "user": 2, "content_type": 4, "object_id": "13", "object_repr": "teacher3", "action_flag": 2, "change_message": "[{\"changed\": {\"fields\": [\"First name\"]}}]"}}, {"model": "admin.logentry", "pk": 174, "fields": {"action_time": "2023-02-05T08:13:54.399Z", "user": 2, "content_type": 15, "object_id": "3", "object_repr": "Дмитрий Михайлович", "action_flag": 1, "change_message": "[{\"added\": {}}]"}}, {"model": "admin.logentry", "pk": 175, "fields": {"action_time": "2023-02-05T08:14:16.028Z", "user": 2, "content_type": 14, "object_id": "10", "object_repr": "Бортовое оборудование", "action_flag": 1, "change_message": "[{\"added\": {}}]"}}, {"model": "admin.logentry", "pk": 176, "fields": {"action_time": "2023-02-05T08:14:31.996Z", "user": 2, "content_type": 14, "object_id": "11", "object_repr": "Инженерная графика", "action_flag": 1, "change_message": "[{\"added\": {}}]"}}, {"model": "admin.logentry", "pk": 177, "fields": {"action_time": "2023-02-05T08:15:15.610Z", "user": 2, "content_type": 14, "object_id": "12", "object_repr": "БЦВМ", "action_flag": 1, "change_message": "[{\"added\": {}}]"}}, {"model": "admin.logentry", "pk": 178, "fields": {"action_time": "2023-02-05T08:16:55.813Z", "user": 2, "content_type": 14, "object_id": "13", "object_repr": "Метрология и стандартизация", "action_flag": 1, "change_message": "[{\"added\": {}}]"}}, {"model": "admin.logentry", "pk": 179, "fields": {"action_time": "2023-02-05T10:03:17.025Z", "user": 2, "content_type": 4, "object_id": "12", "object_repr": "teacher2", "action_flag": 2, "change_message": "[{\"changed\": {\"fields\": [\"Groups\"]}}]"}}, {"model": "admin.logentry", "pk": 180, "fields": {"action_time": "2023-02-05T10:03:20.248Z", "user": 2, "content_type": 4, "object_id": "13", "object_repr": "teacher3", "action_flag": 2, "change_message": "[]"}}, {"model": "admin.logentry", "pk": 181, "fields": {"action_time": "2023-02-05T11:21:26.836Z", "user": 2, "content_type": 4, "object_id": "13", "object_repr": "teacher3", "action_flag": 2, "change_message": "[{\"changed\": {\"fields\": [\"Groups\"]}}]"}}, {"model": "admin.logentry", "pk": 182, "fields": {"action_time": "2023-02-05T14:17:04.765Z", "user": 2, "content_type": 15, "object_id": "1", "object_repr": "Алексей Алексеевич", "action_flag": 2, "change_message": "[{\"changed\": {\"fields\": [\"Profile picture\"]}}]"}}, {"model": "admin.logentry", "pk": 183, "fields": {"action_time": "2024-05-26T08:46:01.900Z", "user": 2, "content_type": 11, "object_id": "57", "object_repr": "test_example", "action_flag": 3, "change_message": ""}}, {"model": "admin.logentry", "pk": 184, "fields": {"action_time": "2024-05-26T08:46:01.904Z", "user": 2, "content_type": 11, "object_id": "46", "object_repr": "test_example", "action_flag": 3, "change_message": ""}}, {"model": "admin.logentry", "pk": 185, "fields": {"action_time": "2024-05-26T08:46:01.909Z", "user": 2, "content_type": 11, "object_id": "58", "object_repr": "2457", "action_flag": 3, "change_message": ""}}, {"model": "admin.logentry", "pk": 186, "fields": {"action_time": "2024-05-26T08:46:01.913Z", "user": 2, "content_type": 11, "object_id": "52", "object_repr": "2457", "action_flag": 3, "change_message": ""}}, {"model": "admin.logentry", "pk": 187, "fields": {"action_time": "2024-05-26T08:46:01.917Z", "user": 2, "content_type": 11, "object_id": "65", "object_repr": "555", "action_flag": 3, "change_message": ""}}, {"model": "admin.logentry", "pk": 188, "fields": {"action_time": "2024-05-26T08:46:01.922Z", "user": 2, "content_type": 11, "object_id": "59", "object_repr": "555", "action_flag": 3, "change_message": ""}}, {"model": "admin.logentry", "pk": 189, "fields": {"action_time": "2024-05-26T08:46:01.925Z", "user": 2, "content_type": 11, "object_id": "85", "object_repr": "1", "action_flag": 3, "change_message": ""}}, {"model": "admin.logentry", "pk": 190, "fields": {"action_time": "2024-05-26T08:46:01.929Z", "user": 2, "content_type": 11, "object_id": "84", "object_repr": "1", "action_flag": 3, "change_message": ""}}, {"model": "admin.logentry", "pk": 191, "fields": {"action_time": "2024-05-26T08:46:01.934Z", "user": 2, "content_type": 11, "object_id": "67", "object_repr": "1", "action_flag": 3, "change_message": ""}}, {"model": "admin.logentry", "pk": 192, "fields": {"action_time": "2024-05-26T08:46:01.939Z", "user": 2, "content_type": 11, "object_id": "87", "object_repr": "2", "action_flag": 3, "change_message": ""}}, {"model": "admin.logentry", "pk": 193, "fields": {"action_time": "2024-05-26T08:46:01.943Z", "user": 2, "content_type": 11, "object_id": "73", "object_repr": "2", "action_flag": 3, "change_message": ""}}, {"model": "admin.logentry", "pk": 194, "fields": {"action_time": "2024-05-26T08:46:01.947Z", "user": 2, "content_type": 11, "object_id": "88", "object_repr": "3", "action_flag": 3, "change_message": ""}}, {"model": "admin.logentry", "pk": 195, "fields": {"action_time": "2024-05-26T08:46:01.950Z", "user": 2, "content_type": 11, "object_id": "86", "object_repr": "3", "action_flag": 3, "change_message": ""}}, {"model": "admin.logentry", "pk": 196, "fields": {"action_time": "2024-05-26T08:46:01.954Z", "user": 2, "content_type": 11, "object_id": "102", "object_repr": "new_test", "action_flag": 3, "change_message": ""}}, {"model": "admin.logentry", "pk": 197, "fields": {"action_time": "2024-05-26T08:46:01.958Z", "user": 2, "content_type": 11, "object_id": "97", "object_repr": "new_test", "action_flag": 3, "change_message": ""}}, {"model": "admin.logentry", "pk": 198, "fields": {"action_time": "2024-05-26T08:46:01.961Z", "user": 2, "content_type": 11, "object_id": "116", "object_repr": "new_test_3", "action_flag": 3, "change_message": ""}}, {"model": "admin.logentry", "pk": 199, "fields": {"action_time": "2024-05-26T08:46:01.966Z", "user": 2, "content_type": 11, "object_id": "110", "object_repr": "new_test_3", "action_flag": 3, "change_message": ""}}, {"model": "admin.logentry", "pk": 200, "fields": {"action_time": "2024-05-27T09:54:54.321Z", "user": 2, "content_type": 7, "object_id": "37", "object_repr": "i", "action_flag": 3, "change_message": ""}}, {"model": "admin.logentry", "pk": 201, "fields": {"action_time": "2024-05-27T09:54:54.325Z", "user": 2, "content_type": 7, "object_id": "36", "object_repr": "o", "action_flag": 3, "change_message": ""}}, {"model": "admin.logentry", "pk": 202, "fields": {"action_time": "2024-05-27T09:54:54.329Z", "user": 2, "content_type": 7, "object_id": "35", "object_repr": "new_test_10", "action_flag": 3, "change_message": ""}}, {"model": "admin.logentry", "pk": 203, "fields": {"action_time": "2024-05-27T09:54:54.333Z", "user": 2, "content_type": 7, "object_id": "34", "object_repr": "new_test_3", "action_flag": 3, "change_message": ""}}, {"model": "admin.logentry", "pk": 204, "fields": {"action_time": "2024-05-27T09:54:54.337Z", "user": 2, "content_type": 7, "object_id": "33", "object_repr": "new_test_2", "action_flag": 3, "change_message": ""}}, {"model": "admin.logentry", "pk": 205, "fields": {"action_time": "2024-05-27T09:54:54.342Z", "user": 2, "content_type": 7, "object_id": "32", "object_repr": "new_test", "action_flag": 3, "change_message": ""}}, {"model": "admin.logentry", "pk": 206, "fields": {"action_time": "2024-05-27T09:54:54.346Z", "user": 2, "content_type": 7, "object_id": "31", "object_repr": "4", "action_flag": 3, "change_message": ""}}, {"model": "admin.logentry", "pk": 207, "fields": {"action_time": "2024-05-27T09:54:54.350Z", "user": 2, "content_type": 7, "object_id": "30", "object_repr": "3", "action_flag": 3, "change_message": ""}}, {"model": "admin.logentry", "pk": 208, "fields": {"action_time": "2024-05-27T09:54:54.354Z", "user": 2, "content_type": 7, "object_id": "29", "object_repr": "2", "action_flag": 3, "change_message": ""}}, {"model": "admin.logentry", "pk": 209, "fields": {"action_time": "2024-05-27T09:54:54.359Z", "user": 2, "content_type": 7, "object_id": "28", "object_repr": "1", "action_flag": 3, "change_message": ""}}, {"model": "admin.logentry", "pk": 210, "fields": {"action_time": "2024-05-27T09:54:54.364Z", "user": 2, "content_type": 7, "object_id": "27", "object_repr": "555", "action_flag": 3, "change_message": ""}}, {"model": "admin.logentry", "pk": 211, "fields": {"action_time": "2024-05-27T09:54:54.370Z", "user": 2, "content_type": 7, "object_id": "26", "object_repr": "2457", "action_flag": 3, "change_message": ""}}, {"model": "admin.logentry", "pk": 212, "fields": {"action_time": "2024-05-27T09:54:54.373Z", "user": 2, "content_type": 7, "object_id": "25", "object_repr": "test_example", "action_flag": 3, "change_message": ""}}, {"model": "admin.logentry", "pk": 213, "fields": {"action_time": "2024-05-27T09:55:32.417Z", "user": 2, "content_type": 18, "object_id": "48", "object_repr": "asdf", "action_flag": 3, "change_message": ""}}, {"model": "admin.logentry", "pk": 214, "fields": {"action_time": "2024-05-27T09:55:32.421Z", "user": 2, "content_type": 18, "object_id": "47", "object_repr": "пример задания", "action_flag": 3, "change_message": ""}}, {"model": "admin.logentry", "pk": 215, "fields": {"action_time": "2024-05-27T12:22:17.818Z", "user": 2, "content_type": 14, "object_id": "13", "object_repr": "Differential Equations", "action_flag": 2, "change_message": "[{\"changed\": {\"fields\": [\"Title\"]}}]"}}, {"model": "admin.logentry", "pk": 216, "fields": {"action_time": "2024-05-27T12:22:34.782Z", "user": 2, "content_type": 14, "object_id": "12", "object_repr": "Calculus", "action_flag": 2, "change_message": "[{\"changed\": {\"fields\": [\"Title\"]}}]"}}, {"model": "admin.logentry", "pk": 217, "fields": {"action_time": "2024-05-27T12:22:43.724Z", "user": 2, "content_type": 14, "object_id": "11", "object_repr": "Mechanics", "action_flag": 2, "change_message": "[{\"changed\": {\"fields\": [\"Title\"]}}]"}}, {"model": "admin.logentry", "pk": 218, "fields": {"action_time": "2024-05-27T12:22:59.099Z", "user": 2, "content_type": 14, "object_id": "10", "object_repr": "General Chemistry", "action_flag": 2, "change_message": "[{\"changed\": {\"fields\": [\"Title\"]}}]"}}, {"model": "admin.logentry", "pk": 219, "fields": {"action_time": "2024-05-27T12:23:11.290Z", "user": 2, "content_type": 14, "object_id": "9", "object_repr": "Computer Science and Programming", "action_flag": 2, "change_message": "[{\"changed\": {\"fields\": [\"Title\"]}}]"}}, {"model": "admin.logentry", "pk": 220, "fields": {"action_time": "2024-05-27T12:23:24.500Z", "user": 2, "content_type": 14, "object_id": "8", "object_repr": "Engineering Drawing and CAD (Computer-Aided Design)", "action_flag": 2, "change_message": "[{\"changed\": {\"fields\": [\"Title\"]}}]"}}, {"model": "admin.logentry", "pk": 221, "fields": {"action_time": "2024-05-27T12:23:50.831Z", "user": 2, "content_type": 14, "object_id": "7", "object_repr": "Robotics and Automation", "action_flag": 2, "change_message": "[{\"changed\": {\"fields\": [\"Title\"]}}]"}}, {"model": "admin.logentry", "pk": 222, "fields": {"action_time": "2024-05-27T12:24:00.843Z", "user": 2, "content_type": 14, "object_id": "5", "object_repr": "Operating systems", "action_flag": 2, "change_message": "[{\"changed\": {\"fields\": [\"Title\"]}}]"}}, {"model": "admin.logentry", "pk": 223, "fields": {"action_time": "2024-05-27T12:24:23.991Z", "user": 2, "content_type": 14, "object_id": "6", "object_repr": "Supply Chain Management", "action_flag": 2, "change_message": "[{\"changed\": {\"fields\": [\"Title\"]}}]"}}, {"model": "admin.logentry", "pk": 224, "fields": {"action_time": "2024-05-27T12:24:38.164Z", "user": 2, "content_type": 14, "object_id": "4", "object_repr": "Programming (C++)", "action_flag": 2, "change_message": "[{\"changed\": {\"fields\": [\"Title\"]}}]"}}, {"model": "admin.logentry", "pk": 225, "fields": {"action_time": "2024-05-27T12:25:32.856Z", "user": 2, "content_type": 14, "object_id": "3", "object_repr": "Systems Engineering", "action_flag": 2, "change_message": "[{\"changed\": {\"fields\": [\"Title\"]}}]"}}, {"model": "admin.logentry", "pk": 226, "fields": {"action_time": "2024-05-27T12:25:46.977Z", "user": 2, "content_type": 14, "object_id": "2", "object_repr": "Industrial Automation", "action_flag": 2, "change_message": "[{\"changed\": {\"fields\": [\"Title\"]}}]"}}, {"model": "admin.logentry", "pk": 227, "fields": {"action_time": "2024-05-27T12:26:07.150Z", "user": 2, "content_type": 14, "object_id": "1", "object_repr": "Cybersecurity", "action_flag": 2, "change_message": "[{\"changed\": {\"fields\": [\"Title\"]}}]"}}, {"model": "admin.logentry", "pk": 228, "fields": {"action_time": "2024-05-27T12:30:32.352Z", "user": 2, "content_type": 4, "object_id": "1", "object_repr": "student1", "action_flag": 2, "change_message": "[{\"changed\": {\"fields\": [\"First name\"]}}]"}}, {"model": "admin.logentry", "pk": 229, "fields": {"action_time": "2024-05-27T12:30:49.534Z", "user": 2, "content_type": 4, "object_id": "11", "object_repr": "student3_2", "action_flag": 2, "change_message": "[{\"changed\": {\"fields\": [\"First name\"]}}]"}}, {"model": "admin.logentry", "pk": 230, "fields": {"action_time": "2024-05-27T12:58:40.008Z", "user": 2, "content_type": 20, "object_id": "6", "object_repr": "12", "action_flag": 3, "change_message": ""}}, {"model": "admin.logentry", "pk": 231, "fields": {"action_time": "2024-05-27T12:58:55.114Z", "user": 2, "content_type": 20, "object_id": "5", "object_repr": "Lecture notes", "action_flag": 2, "change_message": "[{\"changed\": {\"fields\": [\"Title\", \"Description\"]}}]"}}, {"model": "admin.logentry", "pk": 232, "fields": {"action_time": "2024-05-27T12:59:29.438Z", "user": 2, "content_type": 4, "object_id": "1", "object_repr": "student1", "action_flag": 2, "change_message": "[{\"changed\": {\"fields\": [\"First name\"]}}]"}}, {"model": "admin.logentry", "pk": 233, "fields": {"action_time": "2024-05-27T12:59:58.920Z", "user": 2, "content_type": 7, "object_id": "38", "object_repr": "123", "action_flag": 3, "change_message": ""}}, {"model": "admin.logentry", "pk": 234, "fields": {"action_time": "2024-05-27T13:56:09.580Z", "user": 2, "content_type": 18, "object_id": "49", "object_repr": "12", "action_flag": 3, "change_message": ""}}, {"model": "auth.permission", "pk": 1, "fields": {"name": "Can add log entry", "content_type": 1, "codename": "add_logentry"}}, {"model": "auth.permission", "pk": 2, "fields": {"name": "Can change log entry", "content_type": 1, "codename": "change_logentry"}}, {"model": "auth.permission", "pk": 3, "fields": {"name": "Can delete log entry", "content_type": 1, "codename": "delete_logentry"}}, {"model": "auth.permission", "pk": 4, "fields": {"name": "Can view log entry", "content_type": 1, "codename": "view_logentry"}}, {"model": "auth.permission", "pk": 5, "fields": {"name": "Can add permission", "content_type": 2, "codename": "add_permission"}}, {"model": "auth.permission", "pk": 6, "fields": {"name": "Can change permission", "content_type": 2, "codename": "change_permission"}}, {"model": "auth.permission", "pk": 7, "fields": {"name": "Can delete permission", "content_type": 2, "codename": "delete_permission"}}, {"model": "auth.permission", "pk": 8, "fields": {"name": "Can view permission", "content_type": 2, "codename": "view_permission"}}, {"model": "auth.permission", "pk": 9, "fields": {"name": "Can add group", "content_type": 3, "codename": "add_group"}}, {"model": "auth.permission", "pk": 10, "fields": {"name": "Can change group", "content_type": 3, "codename": "change_group"}}, {"model": "auth.permission", "pk": 11, "fields": {"name": "Can delete group", "content_type": 3, "codename": "delete_group"}}, {"model": "auth.permission", "pk": 12, "fields": {"name": "Can view group", "content_type": 3, "codename": "view_group"}}, {"model": "auth.permission", "pk": 13, "fields": {"name": "Can add user", "content_type": 4, "codename": "add_user"}}, {"model": "auth.permission", "pk": 14, "fields": {"name": "Can change user", "content_type": 4, "codename": "change_user"}}, {"model": "auth.permission", "pk": 15, "fields": {"name": "Can delete user", "content_type": 4, "codename": "delete_user"}}, {"model": "auth.permission", "pk": 16, "fields": {"name": "Can view user", "content_type": 4, "codename": "view_user"}}, {"model": "auth.permission", "pk": 17, "fields": {"name": "Can add content type", "content_type": 5, "codename": "add_contenttype"}}, {"model": "auth.permission", "pk": 18, "fields": {"name": "Can change content type", "content_type": 5, "codename": "change_contenttype"}}, {"model": "auth.permission", "pk": 19, "fields": {"name": "Can delete content type", "content_type": 5, "codename": "delete_contenttype"}}, {"model": "auth.permission", "pk": 20, "fields": {"name": "Can view content type", "content_type": 5, "codename": "view_contenttype"}}, {"model": "auth.permission", "pk": 21, "fields": {"name": "Can add session", "content_type": 6, "codename": "add_session"}}, {"model": "auth.permission", "pk": 22, "fields": {"name": "Can change session", "content_type": 6, "codename": "change_session"}}, {"model": "auth.permission", "pk": 23, "fields": {"name": "Can delete session", "content_type": 6, "codename": "delete_session"}}, {"model": "auth.permission", "pk": 24, "fields": {"name": "Can view session", "content_type": 6, "codename": "view_session"}}, {"model": "auth.permission", "pk": 25, "fields": {"name": "Can add test", "content_type": 7, "codename": "add_test"}}, {"model": "auth.permission", "pk": 26, "fields": {"name": "Can change test", "content_type": 7, "codename": "change_test"}}, {"model": "auth.permission", "pk": 27, "fields": {"name": "Can delete test", "content_type": 7, "codename": "delete_test"}}, {"model": "auth.permission", "pk": 28, "fields": {"name": "Can view test", "content_type": 7, "codename": "view_test"}}, {"model": "auth.permission", "pk": 29, "fields": {"name": "Can add question", "content_type": 8, "codename": "add_question"}}, {"model": "auth.permission", "pk": 30, "fields": {"name": "Can change question", "content_type": 8, "codename": "change_question"}}, {"model": "auth.permission", "pk": 31, "fields": {"name": "Can delete question", "content_type": 8, "codename": "delete_question"}}, {"model": "auth.permission", "pk": 32, "fields": {"name": "Can view question", "content_type": 8, "codename": "view_question"}}, {"model": "auth.permission", "pk": 33, "fields": {"name": "Can add answer", "content_type": 9, "codename": "add_answer"}}, {"model": "auth.permission", "pk": 34, "fields": {"name": "Can change answer", "content_type": 9, "codename": "change_answer"}}, {"model": "auth.permission", "pk": 35, "fields": {"name": "Can delete answer", "content_type": 9, "codename": "delete_answer"}}, {"model": "auth.permission", "pk": 36, "fields": {"name": "Can view answer", "content_type": 9, "codename": "view_answer"}}, {"model": "auth.permission", "pk": 37, "fields": {"name": "Can add given answer", "content_type": 10, "codename": "add_givenanswer"}}, {"model": "auth.permission", "pk": 38, "fields": {"name": "Can change given answer", "content_type": 10, "codename": "change_givenanswer"}}, {"model": "auth.permission", "pk": 39, "fields": {"name": "Can delete given answer", "content_type": 10, "codename": "delete_givenanswer"}}, {"model": "auth.permission", "pk": 40, "fields": {"name": "Can view given answer", "content_type": 10, "codename": "view_givenanswer"}}, {"model": "auth.permission", "pk": 41, "fields": {"name": "Can add taken test", "content_type": 11, "codename": "add_takentest"}}, {"model": "auth.permission", "pk": 42, "fields": {"name": "Can change taken test", "content_type": 11, "codename": "change_takentest"}}, {"model": "auth.permission", "pk": 43, "fields": {"name": "Can delete taken test", "content_type": 11, "codename": "delete_takentest"}}, {"model": "auth.permission", "pk": 44, "fields": {"name": "Can view taken test", "content_type": 11, "codename": "view_takentest"}}, {"model": "auth.permission", "pk": 45, "fields": {"name": "Can add answered question", "content_type": 12, "codename": "add_answeredquestion"}}, {"model": "auth.permission", "pk": 46, "fields": {"name": "Can change answered question", "content_type": 12, "codename": "change_answeredquestion"}}, {"model": "auth.permission", "pk": 47, "fields": {"name": "Can delete answered question", "content_type": 12, "codename": "delete_answeredquestion"}}, {"model": "auth.permission", "pk": 48, "fields": {"name": "Can view answered question", "content_type": 12, "codename": "view_answeredquestion"}}, {"model": "auth.permission", "pk": 49, "fields": {"name": "Can add grade", "content_type": 13, "codename": "add_grade"}}, {"model": "auth.permission", "pk": 50, "fields": {"name": "Can change grade", "content_type": 13, "codename": "change_grade"}}, {"model": "auth.permission", "pk": 51, "fields": {"name": "Can delete grade", "content_type": 13, "codename": "delete_grade"}}, {"model": "auth.permission", "pk": 52, "fields": {"name": "Can view grade", "content_type": 13, "codename": "view_grade"}}, {"model": "auth.permission", "pk": 53, "fields": {"name": "Can add subject", "content_type": 14, "codename": "add_subject"}}, {"model": "auth.permission", "pk": 54, "fields": {"name": "Can change subject", "content_type": 14, "codename": "change_subject"}}, {"model": "auth.permission", "pk": 55, "fields": {"name": "Can delete subject", "content_type": 14, "codename": "delete_subject"}}, {"model": "auth.permission", "pk": 56, "fields": {"name": "Can view subject", "content_type": 14, "codename": "view_subject"}}, {"model": "auth.permission", "pk": 57, "fields": {"name": "Can add teacher", "content_type": 15, "codename": "add_teacher"}}, {"model": "auth.permission", "pk": 58, "fields": {"name": "Can change teacher", "content_type": 15, "codename": "change_teacher"}}, {"model": "auth.permission", "pk": 59, "fields": {"name": "Can delete teacher", "content_type": 15, "codename": "delete_teacher"}}, {"model": "auth.permission", "pk": 60, "fields": {"name": "Can view teacher", "content_type": 15, "codename": "view_teacher"}}, {"model": "auth.permission", "pk": 61, "fields": {"name": "Can add student", "content_type": 16, "codename": "add_student"}}, {"model": "auth.permission", "pk": 62, "fields": {"name": "Can change student", "content_type": 16, "codename": "change_student"}}, {"model": "auth.permission", "pk": 63, "fields": {"name": "Can delete student", "content_type": 16, "codename": "delete_student"}}, {"model": "auth.permission", "pk": 64, "fields": {"name": "Can view student", "content_type": 16, "codename": "view_student"}}, {"model": "auth.permission", "pk": 65, "fields": {"name": "Can add st group", "content_type": 17, "codename": "add_stgroup"}}, {"model": "auth.permission", "pk": 66, "fields": {"name": "Can change st group", "content_type": 17, "codename": "change_stgroup"}}, {"model": "auth.permission", "pk": 67, "fields": {"name": "Can delete st group", "content_type": 17, "codename": "delete_stgroup"}}, {"model": "auth.permission", "pk": 68, "fields": {"name": "Can view st group", "content_type": 17, "codename": "view_stgroup"}}, {"model": "auth.permission", "pk": 69, "fields": {"name": "Can add common task", "content_type": 18, "codename": "add_commontask"}}, {"model": "auth.permission", "pk": 70, "fields": {"name": "Can change common task", "content_type": 18, "codename": "change_commontask"}}, {"model": "auth.permission", "pk": 71, "fields": {"name": "Can delete common task", "content_type": 18, "codename": "delete_commontask"}}, {"model": "auth.permission", "pk": 72, "fields": {"name": "Can view common task", "content_type": 18, "codename": "view_commontask"}}, {"model": "auth.permission", "pk": 73, "fields": {"name": "Can add answered common task", "content_type": 19, "codename": "add_answeredcommontask"}}, {"model": "auth.permission", "pk": 74, "fields": {"name": "Can change answered common task", "content_type": 19, "codename": "change_answeredcommontask"}}, {"model": "auth.permission", "pk": 75, "fields": {"name": "Can delete answered common task", "content_type": 19, "codename": "delete_answeredcommontask"}}, {"model": "auth.permission", "pk": 76, "fields": {"name": "Can view answered common task", "content_type": 19, "codename": "view_answeredcommontask"}}, {"model": "auth.permission", "pk": 77, "fields": {"name": "Can add info task", "content_type": 20, "codename": "add_infotask"}}, {"model": "auth.permission", "pk": 78, "fields": {"name": "Can change info task", "content_type": 20, "codename": "change_infotask"}}, {"model": "auth.permission", "pk": 79, "fields": {"name": "Can delete info task", "content_type": 20, "codename": "delete_infotask"}}, {"model": "auth.permission", "pk": 80, "fields": {"name": "Can view info task", "content_type": 20, "codename": "view_infotask"}}, {"model": "auth.permission", "pk": 81, "fields": {"name": "Can add answered info task", "content_type": 21, "codename": "add_answeredinfotask"}}, {"model": "auth.permission", "pk": 82, "fields": {"name": "Can change answered info task", "content_type": 21, "codename": "change_answeredinfotask"}}, {"model": "auth.permission", "pk": 83, "fields": {"name": "Can delete answered info task", "content_type": 21, "codename": "delete_answeredinfotask"}}, {"model": "auth.permission", "pk": 84, "fields": {"name": "Can view answered info task", "content_type": 21, "codename": "view_answeredinfotask"}}, {"model": "auth.permission", "pk": 85, "fields": {"name": "Can add document", "content_type": 22, "codename": "add_document"}}, {"model": "auth.permission", "pk": 86, "fields": {"name": "Can change document", "content_type": 22, "codename": "change_document"}}, {"model": "auth.permission", "pk": 87, "fields": {"name": "Can delete document", "content_type": 22, "codename": "delete_document"}}, {"model": "auth.permission", "pk": 88, "fields": {"name": "Can view document", "content_type": 22, "codename": "view_document"}}, {"model": "auth.group", "pk": 1, "fields": {"name": "student", "permissions": []}}, {"model": "auth.group", "pk": 2, "fields": {"name": "teacher", "permissions": []}}, {"model": "auth.user", "pk": 1, "fields": {"password": "pbkdf2_sha256$390000$EnRpUZMvSZCgLodar5Hm3s$OiBdEjDLp1go+yYraFaVd65YszHxLdFTQWowmPJCGX8=", "last_login": "2024-05-26T10:50:26Z", "is_superuser": false, "username": "student1", "first_name": "James Thompson", "last_name": "", "email": "", "is_staff": false, "is_active": true, "date_joined": "2022-12-10T13:30:29Z", "groups": [1], "user_permissions": []}}, {"model": "auth.user", "pk": 2, "fields": {"password": "pbkdf2_sha256$390000$HppXRXwZYPeCRrI9F80dDQ$stru1N1Rv/Rib9VQaCQFKoWa0Aq/9AoB2rOxFKAEDsg=", "last_login": "2024-05-27T13:55:26.803Z", "is_superuser": true, "username": "adddmin", "first_name": "", "last_name": "", "email": "adddmin@gmail.com", "is_staff": true, "is_active": true, "date_joined": "2022-12-10T17:56:58.036Z", "groups": [], "user_permissions": []}}, {"model": "auth.user", "pk": 3, "fields": {"password": "pbkdf2_sha256$390000$Ga37FsTBHCEvogS1Ib2y16$rXVP+DQhYmd4VPcSWUyvi1xWU9qxud1Gca1512vtCv4=", "last_login": "2024-05-27T13:16:51.294Z", "is_superuser": false, "username": "teacher1", "first_name": "Liam Johnson", "last_name": "", "email": "", "is_staff": false, "is_active": true, "date_joined": "2022-12-12T18:29:57Z", "groups": [2], "user_permissions": []}}, {"model": "auth.user", "pk": 4, "fields": {"password": "pbkdf2_sha256$390000$3hjzZTsIFowqTHiB7oFC0g$VdLmPBtIhUpNaeEg+2kgNK2jgTIBPCoFcFGaE8o5QdQ=", "last_login": "2024-05-27T13:17:01.498Z", "is_superuser": false, "username": "student2", "first_name": "Noah Martinez", "last_name": "", "email": "", "is_staff": false, "is_active": true, "date_joined": "2023-02-01T15:32:34Z", "groups": [1], "user_permissions": []}}, {"model": "auth.user", "pk": 5, "fields": {"password": "pbkdf2_sha256$390000$oSUL5OvxwXat1Oehe50mXT$6pqZqiaVhjsGbHlfDytTW42oPydnlOnE3WvJj7i8sdE=", "last_login": "2023-02-05T13:01:56.651Z", "is_superuser": false, "username": "student3", "first_name": "Ethan Brown", "last_name": "", "email": "", "is_staff": false, "is_active": true, "date_joined": "2023-02-01T15:32:43Z", "groups": [1], "user_permissions": []}}, {"model": "auth.user", "pk": 6, "fields": {"password": "pbkdf2_sha256$390000$OrSVd71lZ1Kl5gW1YgX0dL$3aIZM6RoIof5wwM7ZNrddhj5PE7/ZIh6mJQnwJXlsw0=", "last_login": "2023-02-03T19:23:27.358Z", "is_superuser": false, "username": "student4", "first_name": "Benjamin Garcia", "last_name": "", "email": "", "is_staff": false, "is_active": true, "date_joined": "2023-02-01T15:32:50Z", "groups": [1], "user_permissions": []}}, {"model": "auth.user", "pk": 7, "fields": {"password": "pbkdf2_sha256$390000$T1NtGtkcHlMuVuQgDILZKP$3im/xn1F+EzxXtMxOOs5EjeasEuiT//w63syYpqWk6w=", "last_login": "2023-02-05T15:03:42.919Z", "is_superuser": false, "username": "student5", "first_name": "Lucas Taylor", "last_name": "", "email": "", "is_staff": false, "is_active": true, "date_joined": "2023-02-01T15:33:00Z", "groups": [1], "user_permissions": []}}, {"model": "auth.user", "pk": 8, "fields": {"password": "pbkdf2_sha256$390000$bRBgYoYhIj48VK6iMfUXXH$w79FckyptpNCVh8tAf9m9u6ZWyoklFhcz12hw6LPYME=", "last_login": "2023-02-03T20:26:37.708Z", "is_superuser": false, "username": "student6", "first_name": "Mason Anderson", "last_name": "", "email": "", "is_staff": false, "is_active": true, "date_joined": "2023-02-01T15:33:20Z", "groups": [1], "user_permissions": []}}, {"model": "auth.user", "pk": 9, "fields": {"password": "pbkdf2_sha256$390000$ZV3aEKWQWdMhr6M0Zsgcrr$fnR9eamVtQW/UqcI8wlMR9O8Ct3/7DBAR5pb8skrx2E=", "last_login": null, "is_superuser": false, "username": "student1_2", "first_name": "Oliver Wilson", "last_name": "", "email": "", "is_staff": false, "is_active": true, "date_joined": "2023-02-05T07:52:01Z", "groups": [1], "user_permissions": []}}, {"model": "auth.user", "pk": 10, "fields": {"password": "pbkdf2_sha256$390000$GCi8NXN7AdnIvmwU2g6Cpy$w+qwLz8rMwNw+Ss6xw33Cv9N3WUldcrGaYrRNzFncpk=", "last_login": null, "is_superuser": false, "username": "student2_2", "first_name": "Elijah Clark", "last_name": "", "email": "", "is_staff": false, "is_active": true, "date_joined": "2023-02-05T07:52:14Z", "groups": [1], "user_permissions": []}}, {"model": "auth.user", "pk": 11, "fields": {"password": "pbkdf2_sha256$390000$B6OJ5C5wUh3Qkdn9MuWIO0$Xsjquc8ST2ehKfNAvvlAAuzePXj8Ieho683bDeqCqGs=", "last_login": null, "is_superuser": false, "username": "student3_2", "first_name": "Isabella White", "last_name": "", "email": "", "is_staff": false, "is_active": true, "date_joined": "2023-02-05T07:52:26Z", "groups": [1], "user_permissions": []}}, {"model": "auth.user", "pk": 12, "fields": {"password": "pbkdf2_sha256$390000$21D1PqGBuLBB2gnGvFhOfI$0slR0f++UGY0BonuFdOr2sKuDfCMU/BI9fBwrzlN5rs=", "last_login": "2023-02-05T12:26:53.907Z", "is_superuser": false, "username": "teacher2", "first_name": "James Thompson", "last_name": "", "email": "", "is_staff": false, "is_active": true, "date_joined": "2023-02-05T07:57:24Z", "groups": [2], "user_permissions": []}}, {"model": "auth.user", "pk": 13, "fields": {"password": "pbkdf2_sha256$390000$p4M4yQ9Qc6cbHjcIDJeLJY$pJtzhWI09LCkbmz0l2aYwBytbR2of02gEWREBE/IcSw=", "last_login": "2023-02-05T13:51:01.208Z", "is_superuser": false, "username": "teacher3", "first_name": "Emma Smith", "last_name": "", "email": "", "is_staff": false, "is_active": true, "date_joined": "2023-02-05T08:09:45Z", "groups": [2], "user_permissions": []}}, {"model": "contenttypes.contenttype", "pk": 1, "fields": {"app_label": "admin", "model": "logentry"}}, {"model": "contenttypes.contenttype", "pk": 2, "fields": {"app_label": "auth", "model": "permission"}}, {"model": "contenttypes.contenttype", "pk": 3, "fields": {"app_label": "auth", "model": "group"}}, {"model": "contenttypes.contenttype", "pk": 4, "fields": {"app_label": "auth", "model": "user"}}, {"model": "contenttypes.contenttype", "pk": 5, "fields": {"app_label": "contenttypes", "model": "contenttype"}}, {"model": "contenttypes.contenttype", "pk": 6, "fields": {"app_label": "sessions", "model": "session"}}, {"model": "contenttypes.contenttype", "pk": 7, "fields": {"app_label": "univ_app", "model": "test"}}, {"model": "contenttypes.contenttype", "pk": 8, "fields": {"app_label": "univ_app", "model": "question"}}, {"model": "contenttypes.contenttype", "pk": 9, "fields": {"app_label": "univ_app", "model": "answer"}}, {"model": "contenttypes.contenttype", "pk": 10, "fields": {"app_label": "univ_app", "model": "givenanswer"}}, {"model": "contenttypes.contenttype", "pk": 11, "fields": {"app_label": "univ_app", "model": "takentest"}}, {"model": "contenttypes.contenttype", "pk": 12, "fields": {"app_label": "univ_app", "model": "answeredquestion"}}, {"model": "contenttypes.contenttype", "pk": 13, "fields": {"app_label": "univ_app", "model": "grade"}}, {"model": "contenttypes.contenttype", "pk": 14, "fields": {"app_label": "univ_app", "model": "subject"}}, {"model": "contenttypes.contenttype", "pk": 15, "fields": {"app_label": "univ_app", "model": "teacher"}}, {"model": "contenttypes.contenttype", "pk": 16, "fields": {"app_label": "univ_app", "model": "student"}}, {"model": "contenttypes.contenttype", "pk": 17, "fields": {"app_label": "univ_app", "model": "stgroup"}}, {"model": "contenttypes.contenttype", "pk": 18, "fields": {"app_label": "univ_app", "model": "commontask"}}, {"model": "contenttypes.contenttype", "pk": 19, "fields": {"app_label": "univ_app", "model": "answeredcommontask"}}, {"model": "contenttypes.contenttype", "pk": 20, "fields": {"app_label": "univ_app", "model": "infotask"}}, {"model": "contenttypes.contenttype", "pk": 21, "fields": {"app_label": "univ_app", "model": "answeredinfotask"}}, {"model": "contenttypes.contenttype", "pk": 22, "fields": {"app_label": "univ_app", "model": "document"}}, {"model": "sessions.session", "pk": "2hwstp2a3vq16qxyziadnyinhv9ej25z", "fields": {"session_data": ".eJxVjDsOwjAQRO_iGllm_aek5wzWrr3BAeRIcVIh7k4ipYBuNO_NvEXCdalp7TynsYiL0OL02xHmJ7cdlAe2-yTz1JZ5JLkr8qBd3qbCr-vh_h1U7HVbG1Lg0LPVW3L-7LSlzACYg0calHIZ0DIPpAxhIWNLgBg9aRViBCc-X-GSN8U:1pDAMB:DwkSb0vdGppXdG-vcwJEQrFOkmf260gHSmX_MoQw8mA", "expire_date": "2023-01-18T20:27:27.527Z"}}, {"model": "sessions.session", "pk": "6jk6y0a95ft9jytyyntozssnm0xxzqeb", "fields": {"session_data": "e30:1p40fO:-x13ofxmlyBVV4TyVp4TlYA66d_OBoUQE1FEGe_j5TA", "expire_date": "2022-12-24T14:17:26.178Z"}}, {"model": "sessions.session", "pk": "d3orll003fxdxvf8s7p5lb2qm6lb0tyl", "fields": {"session_data": ".eJxVjEsOwiAUAO_C2hA-Dygu3fcMhAcPqRqalHZlvLsh6UK3M5N5sxCPvYaj0xaWzK5Msssvw5ie1IbIj9juK09r27cF-Uj4aTuf10yv29n-DWrsdWyNAusmIcCmSXuHpWhwBARSeSeytgIF2mIg5ei8pCKt0lgsxEwIhn2-sOY3RA:1pPTXe:dra7-0_5gha_mFa4lW1Fyz2SM1s1-8jawI-lNchVeQI", "expire_date": "2023-02-21T19:22:10.831Z"}}, {"model": "sessions.session", "pk": "dswwq3kfs1xrlcioo8m5sozhdxvbhx8g", "fields": {"session_data": ".eJxVjMsOwiAQRf-FtSEFymNcuvcbyMAMUjU0Ke3K-O_apAvd3nPOfYmI21rj1nmJE4mzMOL0uyXMD247oDu22yzz3NZlSnJX5EG7vM7Ez8vh_h1U7PVbW3KaAoPKbLwdg3VsCEcPqMAPSMhD4JIwZMsaVEAIpRA5csZlBC3eH-9kOIQ:1pFIE6:D6xVRjt1X4P69i7JRmkJ4QBzm4cmBTbv2tTRGFaK1So", "expire_date": "2023-01-24T17:15:54.841Z"}}, {"model": "sessions.session", "pk": "eqgk58sxp567s0cjogrgf2g6sckz1cax", "fields": {"session_data": ".eJxVjEEOwiAQRe_C2pAiMIBL9z0DYWZAqoYmpV0Z765NutDtf-_9l4hpW2vcel7ixOIilDj9bpjokdsO-J7abZY0t3WZUO6KPGiX48z5eT3cv4Oaev3WTmmjnQfwwTjHSqHxVqUwZAsmn8Hbgui0KRQCFE1INBCQYauBka14fwCq3jdd:1p3zw9:eOK-dB8yFLhePmAVyq2Z7MX_dTAsW3FrmZMRFaNSqn0", "expire_date": "2022-12-24T13:30:41.617Z"}}, {"model": "sessions.session", "pk": "n0p5ikfi7cg7q9iwsd4qskn7n8pkltrf", "fields": {"session_data": ".eJxVjDsOwjAQRO_iGllm_aek5wzWrr3BAeRIcVIh7k4ipYBuNO_NvEXCdalp7TynsYiL0OL02xHmJ7cdlAe2-yTz1JZ5JLkr8qBd3qbCr-vh_h1U7HVbG1Lg0LPVW3L-7LSlzACYg0calHIZ0DIPpAxhIWNLgBg9aRViBCc-X-GSN8U:1pDAMB:DwkSb0vdGppXdG-vcwJEQrFOkmf260gHSmX_MoQw8mA", "expire_date": "2023-01-18T20:27:27.243Z"}}, {"model": "sessions.session", "pk": "p0sqvu9oarq11zktd0bwcxgz69di013x", "fields": {"session_data": ".eJxVjMsOwiAQRf-FtSEFymNcuvcbyMAMUjU0Ke3K-O_apAvd3nPOfYmI21rj1nmJE4mzMOL0uyXMD247oDu22yzz3NZlSnJX5EG7vM7Ez8vh_h1U7PVbW3KaAoPKbLwdg3VsCEcPqMAPSMhD4JIwZMsaVEAIpRA5csZlBC3eH-9kOIQ:1pG3lO:hhafYwlluiAvRgA4RmQcu6ZxSvf6TuhGHCNeqq1TBAQ", "expire_date": "2023-01-26T20:01:26.478Z"}}, {"model": "sessions.session", "pk": "p3w5cz82w6zppotqyj8upike19cp7g3p", "fields": {"session_data": "e30:1p4nhE:sRzCH7dBwe7y7A7aupeBS-QXrgMhDDETlFI4JTPBE3c", "expire_date": "2022-12-26T18:38:36.032Z"}}, {"model": "sessions.session", "pk": "poogkr3apafb2f8dcchjdo1lmz7jw7di", "fields": {"session_data": ".eJxVjM0OwiAQhN-FsyFQtrL16L3PQBZ2kaopSX9OxndXkh70OPN9My8VaN9K2FdZwsTqopw6_XaR0kPmBvhO863qVOdtmaJuij7oqsfK8rwe7t9BobW0tWXBs-moI2AjNn5DImRg8dnEiNCnjJB750C8RxA7JIkDgU-IyOr9AfwTOHQ:1pDTgr:GYO9pEIvQNTdgRwXTyNKhUYzS4PgpBbIUC8bd5Umk2w", "expire_date": "2023-01-19T17:06:05.904Z"}}, {"model": "sessions.session", "pk": "shtjcdllj03ctayojepvkhksh94xd9io", "fields": {"session_data": "e30:1p4ncu:BjXozNrpE7z3asGPHHdgU43kuSJn_d8QTcVKXdBsP3E", "expire_date": "2022-12-26T18:34:08.527Z"}}, {"model": "sessions.session", "pk": "x93n5wy8ux8791myst5c62l3ub2tnl35", "fields": {"session_data": ".eJxVjDsOwjAQBe_iGln-xfZS0nMGa9fe4ABypDipEHeHSCmgfTPzXiLhtta0dV7SVMRZGHH63Qjzg9sOyh3bbZZ5busykdwVedAur3Ph5-Vw_w4q9vqtMxYwMSgHysVhdNkHYI4haw6QCZmU0n7QypH30ZJjAGfJ6FjQWhrF-wPUnjd-:1sBaow:wNG1LX894qqjSdcASUGdXU5fHA8ik9g464flr4a_H1k", "expire_date": "2024-06-10T13:55:26.806Z"}}, {"model": "sessions.session", "pk": "xclx0pbdyjdhtdloyj7aew24xjpzl5gb", "fields": {"session_data": ".eJxVjDsOwjAQRO_iGllm_aek5wzWrr3BAeRIcVIh7k4ipYBuNO_NvEXCdalp7TynsYiL0OL02xHmJ7cdlAe2-yTz1JZ5JLkr8qBd3qbCr-vh_h1U7HVbG1Lg0LPVW3L-7LSlzACYg0calHIZ0DIPpAxhIWNLgBg9aRViBCc-X-GSN8U:1p4nwI:aRpLDhK7tyV3jznP6zp_FK4TlABVTr4No1Uw_MicGbo", "expire_date": "2022-12-26T18:54:10.978Z"}}, {"model": "univ_app.subject", "pk": 1, "fields": {"title": "Cybersecurity", "description": "...", "image": "test.png", "teacher": 1, "st_group": 1}}, {"model": "univ_app.subject", "pk": 2, "fields": {"title": "Industrial Automation", "description": "...", "image": "test.png", "teacher": 1, "st_group": 1}}, {"model": "univ_app.subject", "pk": 3, "fields": {"title": "Systems Engineering", "description": "...", "image": "test.png", "teacher": 1, "st_group": 2}}, {"model": "univ_app.subject", "pk": 4, "fields": {"title": "Programming (C++)", "description": "", "image": "test.png", "teacher": 2, "st_group": 2}}, {"model": "univ_app.subject", "pk": 5, "fields": {"title": "Operating systems", "description": "", "image": "test.png", "teacher": 2, "st_group": 2}}, {"model": "univ_app.subject", "pk": 6, "fields": {"title": "Supply Chain Management", "description": "", "image": "test.png", "teacher": 2, "st_group": 1}}, {"model": "univ_app.subject", "pk": 7, "fields": {"title": "Robotics and Automation", "description": "", "image": "test.png", "teacher": 2, "st_group": 1}}, {"model": "univ_app.subject", "pk": 8, "fields": {"title": "Engineering Drawing and CAD (Computer-Aided Design)", "description": "", "image": "test.png", "teacher": 1, "st_group": 1}}, {"model": "univ_app.subject", "pk": 9, "fields": {"title": "Computer Science and Programming", "description": "", "image": "test.png", "teacher": 2, "st_group": 1}}, {"model": "univ_app.subject", "pk": 10, "fields": {"title": "General Chemistry", "description": "", "image": "test.png", "teacher": 3, "st_group": 1}}, {"model": "univ_app.subject", "pk": 11, "fields": {"title": "Mechanics", "description": "", "image": "test.png", "teacher": 3, "st_group": 1}}, {"model": "univ_app.subject", "pk": 12, "fields": {"title": "Calculus", "description": "", "image": "test.png", "teacher": 3, "st_group": 1}}, {"model": "univ_app.subject", "pk": 13, "fields": {"title": "Differential Equations", "description": "", "image": "test.png", "teacher": 3, "st_group": 1}}, {"model": "univ_app.document", "pk": 11, "fields": {"title": "", "subject": 1, "student": 1, "doc": "uploads/documents/sample_Fdv4iUd.pdf"}}, {"model": "univ_app.document", "pk": 13, "fields": {"title": "", "subject": 1, "student": 1, "doc": "uploads/documents/sample_VfbeRPS.pdf"}}, {"model": "univ_app.document", "pk": 14, "fields": {"title": "", "subject": 1, "student": 1, "doc": "uploads/documents/sample_2ZioT73.pdf"}}, {"model": "univ_app.document", "pk": 15, "fields": {"title": "", "subject": 1, "student": 1, "doc": "uploads/documents/sample_NNN3GE1.pdf"}}, {"model": "univ_app.document", "pk": 16, "fields": {"title": "", "subject": 1, "student": 1, "doc": "uploads/documents/sample_xtIWEHO.pdf"}}, {"model": "univ_app.document", "pk": 17, "fields": {"title": "", "subject": 1, "student": 1, "doc": "uploads/documents/sample_0GxdGlq.pdf"}}, {"model": "univ_app.document", "pk": 18, "fields": {"title": "", "subject": 1, "student": 1, "doc": "uploads/documents/sample_9khijz1.pdf"}}, {"model": "univ_app.document", "pk": 20, "fields": {"title": "", "subject": 1, "student": 1, "doc": "uploads/documents/sample_K6TSjPH.pdf"}}, {"model": "univ_app.document", "pk": 21, "fields": {"title": "", "subject": 1, "student": 2, "doc": "uploads/documents/sample_qvFP1Be.pdf"}}, {"model": "univ_app.document", "pk": 22, "fields": {"title": "", "subject": 1, "student": 5, "doc": "uploads/documents/sample_aSdAxMk.pdf"}}, {"model": "univ_app.stgroup", "pk": 1, "fields": {"title": "402-B"}}, {"model": "univ_app.stgroup", "pk": 2, "fields": {"title": "202-A"}}, {"model": "univ_app.student", "pk": 1, "fields": {"user": 1, "st_group": 1, "profile_picture": "student.jpg"}}, {"model": "univ_app.student", "pk": 2, "fields": {"user": 4, "st_group": 1, "profile_picture": "student.jpg"}}, {"model": "univ_app.student", "pk": 3, "fields": {"user": 5, "st_group": 1, "profile_picture": "student.jpg"}}, {"model": "univ_app.student", "pk": 4, "fields": {"user": 6, "st_group": 1, "profile_picture": "student.jpg"}}, {"model": "univ_app.student", "pk": 5, "fields": {"user": 7, "st_group": 1, "profile_picture": "student.jpg"}}, {"model": "univ_app.student", "pk": 6, "fields": {"user": 8, "st_group": 1, "profile_picture": "student.jpg"}}, {"model": "univ_app.student", "pk": 7, "fields": {"user": 9, "st_group": 2, "profile_picture": "student.jpg"}}, {"model": "univ_app.student", "pk": 8, "fields": {"user": 10, "st_group": 2, "profile_picture": "student.jpg"}}, {"model": "univ_app.student", "pk": 9, "fields": {"user": 11, "st_group": 2, "profile_picture": "student.jpg"}}, {"model": "univ_app.teacher", "pk": 1, "fields": {"user": 3, "profile_picture": "uploads/profile_pictures/2023/teacher_7Yi2Fh8.jpg"}}, {"model": "univ_app.teacher", "pk": 2, "fields": {"user": 12, "profile_picture": "teacher.jpg"}}, {"model": "univ_app.teacher", "pk": 3, "fields": {"user": 13, "profile_picture": "teacher.jpg"}}, {"model": "univ_app.commontask", "pk": 35, "fields": {"title": "Course work", "description": "some description", "subject": 1, "created_at": "2023-02-01T15:58:57.303Z", "created_by": 1, "file": "uploads/common_tasks/sample.pdf"}}, {"model": "univ_app.commontask", "pk": 36, "fields": {"title": "Practice 1", "description": "some description", "subject": 1, "created_at": "2023-02-01T16:00:09.232Z", "created_by": 1, "file": "uploads/common_tasks/sample_mq0QqZP.pdf"}}, {"model": "univ_app.commontask", "pk": 37, "fields": {"title": "Practice 2", "description": "some description", "subject": 1, "created_at": "2023-02-01T16:00:29.272Z", "created_by": 1, "file": "uploads/common_tasks/sample_HSdPYd7.pdf"}}, {"model": "univ_app.commontask", "pk": 38, "fields": {"title": "Lab 1", "description": "some description", "subject": 1, "created_at": "2023-02-01T16:06:27.160Z", "created_by": 1, "file": "uploads/common_tasks/sample_ePOqn2h.pdf"}}, {"model": "univ_app.commontask", "pk": 39, "fields": {"title": "Lab 2", "description": "some description", "subject": 1, "created_at": "2023-02-01T16:06:41.924Z", "created_by": 1, "file": "uploads/common_tasks/sample_LzbGb9Q.pdf"}}, {"model": "univ_app.commontask", "pk": 40, "fields": {"title": "Lab 3", "description": "some description", "subject": 1, "created_at": "2023-02-01T16:07:29.901Z", "created_by": 1, "file": "uploads/common_tasks/sample_LaFJB4D.pdf"}}, {"model": "univ_app.commontask", "pk": 41, "fields": {"title": "Course work 2", "description": "some description", "subject": 1, "created_at": "2023-02-01T16:07:47.780Z", "created_by": 1, "file": "uploads/common_tasks/sample_VJfZcDV.pdf"}}, {"model": "univ_app.commontask", "pk": 42, "fields": {"title": "Lab 4", "description": "some description", "subject": 10, "created_at": "2023-02-05T12:40:52.475Z", "created_by": 3, "file": "uploads/common_tasks/sample_HwXqjEK.pdf"}}, {"model": "univ_app.commontask", "pk": 43, "fields": {"title": "Lab 2", "description": "some description", "subject": 11, "created_at": "2023-02-05T12:56:16.802Z", "created_by": 3, "file": ""}}, {"model": "univ_app.commontask", "pk": 44, "fields": {"title": "Lab 1", "description": "some description", "subject": 12, "created_at": "2023-02-05T12:57:33.657Z", "created_by": 3, "file": ""}}, {"model": "univ_app.commontask", "pk": 45, "fields": {"title": "Course work 2", "description": "some description", "subject": 12, "created_at": "2023-02-05T12:57:54.309Z", "created_by": 3, "file": "uploads/common_tasks/sample_9eV4U2U.pdf"}}, {"model": "univ_app.commontask", "pk": 46, "fields": {"title": "Practice 3", "description": "some description", "subject": 1, "created_at": "2023-02-05T14:35:42.478Z", "created_by": 1, "file": "uploads/common_tasks/sample_9VzkyIL.pdf"}}, {"model": "univ_app.test", "pk": 20, "fields": {"title": "Test: math", "description": "test description", "subject": 1, "created_at": "2023-02-01T16:01:41.050Z", "created_by": null, "slug": "-None", "link": "", "image": "test.png"}}, {"model": "univ_app.test", "pk": 21, "fields": {"title": "Semester test", "description": "test description", "subject": 1, "created_at": "2023-02-03T18:00:38.865Z", "created_by": null, "slug": "-None", "link": "", "image": "test.png"}}, {"model": "univ_app.test", "pk": 22, "fields": {"title": "Final test 1", "description": "test description", "subject": 4, "created_at": "2023-02-05T10:42:52.359Z", "created_by": null, "slug": "-None", "link": "", "image": "test.png"}}, {"model": "univ_app.test", "pk": 23, "fields": {"title": "Final test 2", "description": "test description", "subject": 1, "created_at": "2023-02-05T14:38:44.281Z", "created_by": null, "slug": "-None", "link": "", "image": "test.png"}}, {"model": "univ_app.infotask", "pk": 5, "fields": {"title": "Lecture notes", "description": "Description", "subject": 1, "created_at": "2023-02-01T16:05:38.070Z", "created_by": 1, "file": "uploads/info_tasks/sample.pdf"}}, {"model": "univ_app.answeredcommontask", "pk": 34, "fields": {"student": 1, "finished_at": "2023-02-03T18:53:01.153Z", "status": "EVALUATED", "grade": 4, "answer": "student answer", "file": "uploads/answered_common_tasks/sample_F2ow7Zd.pdf", "common_task": 35, "comment_from_teacher": ""}}, {"model": "univ_app.answeredcommontask", "pk": 35, "fields": {"student": 2, "finished_at": "2023-02-03T19:21:39.456Z", "status": "EVALUATED", "grade": 2, "answer": "student answer", "file": "", "common_task": 35, "comment_from_teacher": ""}}, {"model": "univ_app.answeredcommontask", "pk": 36, "fields": {"student": 3, "finished_at": "2023-02-03T19:22:31.663Z", "status": "EVALUATED", "grade": 3, "answer": "student answer example", "file": "", "common_task": 35, "comment_from_teacher": ""}}, {"model": "univ_app.answeredcommontask", "pk": 37, "fields": {"student": 4, "finished_at": "2023-02-03T19:23:37.318Z", "status": "EVALUATED", "grade": 2, "answer": "student answer example", "file": "", "common_task": 35, "comment_from_teacher": ""}}, {"model": "univ_app.answeredcommontask", "pk": 38, "fields": {"student": 5, "finished_at": "2023-02-03T20:55:30.014Z", "status": "EVALUATED", "grade": 4, "answer": "student answer example", "file": "", "common_task": 35, "comment_from_teacher": ""}}, {"model": "univ_app.answeredcommontask", "pk": 39, "fields": {"student": 6, "finished_at": "2023-02-03T20:26:48.844Z", "status": "EVALUATED", "grade": 5, "answer": "student answer example", "file": "", "common_task": 35, "comment_from_teacher": ""}}, {"model": "univ_app.answeredcommontask", "pk": 40, "fields": {"student": 1, "finished_at": "2023-02-03T19:00:48.920Z", "status": "EVALUATED", "grade": 5, "answer": "student answer example", "file": "", "common_task": 36, "comment_from_teacher": ""}}, {"model": "univ_app.answeredcommontask", "pk": 41, "fields": {"student": 2, "finished_at": "2023-02-03T19:21:05.222Z", "status": "EVALUATED", "grade": 4, "answer": "student answer example", "file": "", "common_task": 36, "comment_from_teacher": ""}}, {"model": "univ_app.answeredcommontask", "pk": 42, "fields": {"student": 3, "finished_at": "2023-02-03T19:23:20.292Z", "status": "EVALUATED", "grade": 2, "answer": "student answer example", "file": "uploads/answered_common_tasks/sample_seTfzpJ.pdf", "common_task": 36, "comment_from_teacher": ""}}, {"model": "univ_app.answeredcommontask", "pk": 43, "fields": {"student": 4, "finished_at": "2023-02-01T16:00:09.536Z", "status": "ASSIGNED", "grade": null, "answer": "student answer example", "file": "", "common_task": 36, "comment_from_teacher": ""}}, {"model": "univ_app.answeredcommontask", "pk": 44, "fields": {"student": 5, "finished_at": "2023-02-03T20:56:06.687Z", "status": "EVALUATED", "grade": 4, "answer": "student answer example", "file": "", "common_task": 36, "comment_from_teacher": ""}}, {"model": "univ_app.answeredcommontask", "pk": 45, "fields": {"student": 6, "finished_at": "2023-02-03T20:26:59.521Z", "status": "EVALUATED", "grade": 5, "answer": "student answer example", "file": "", "common_task": 36, "comment_from_teacher": ""}}, {"model": "univ_app.answeredcommontask", "pk": 46, "fields": {"student": 1, "finished_at": "2023-02-03T19:00:59.860Z", "status": "EVALUATED", "grade": 2, "answer": "student answer example", "file": "", "common_task": 37, "comment_from_teacher": ""}}, {"model": "univ_app.answeredcommontask", "pk": 47, "fields": {"student": 2, "finished_at": "2023-02-03T19:21:01.181Z", "status": "EVALUATED", "grade": 5, "answer": "student answer example", "file": "uploads/answered_common_tasks/sample_CMiUzHg.pdf", "common_task": 37, "comment_from_teacher": ""}}, {"model": "univ_app.answeredcommontask", "pk": 48, "fields": {"student": 3, "finished_at": "2023-02-03T19:22:24.606Z", "status": "EVALUATED", "grade": 5, "answer": "student answer example", "file": "", "common_task": 37, "comment_from_teacher": ""}}, {"model": "univ_app.answeredcommontask", "pk": 49, "fields": {"student": 4, "finished_at": "2023-02-03T19:23:56.261Z", "status": "EVALUATED", "grade": 5, "answer": "student answer example", "file": "", "common_task": 37, "comment_from_teacher": ""}}, {"model": "univ_app.answeredcommontask", "pk": 50, "fields": {"student": 5, "finished_at": "2023-02-03T20:56:14.118Z", "status": "EVALUATED", "grade": 4, "answer": "student answer example", "file": "", "common_task": 37, "comment_from_teacher": ""}}, {"model": "univ_app.answeredcommontask", "pk": 51, "fields": {"student": 6, "finished_at": "2023-02-03T20:27:02.594Z", "status": "EVALUATED", "grade": 5, "answer": "student answer example", "file": "", "common_task": 37, "comment_from_teacher": ""}}, {"model": "univ_app.answeredcommontask", "pk": 52, "fields": {"student": 1, "finished_at": "2023-02-03T18:53:31.515Z", "status": "EVALUATED", "grade": 3, "answer": "student answer example", "file": "", "common_task": 38, "comment_from_teacher": ""}}, {"model": "univ_app.answeredcommontask", "pk": 53, "fields": {"student": 2, "finished_at": "2023-02-03T19:21:35.691Z", "status": "EVALUATED", "grade": 3, "answer": "student answer example", "file": "", "common_task": 38, "comment_from_teacher": ""}}, {"model": "univ_app.answeredcommontask", "pk": 54, "fields": {"student": 3, "finished_at": "2023-02-03T19:22:28.301Z", "status": "EVALUATED", "grade": 4, "answer": "student answer examplestudent answer example", "file": "", "common_task": 38, "comment_from_teacher": ""}}, {"model": "univ_app.answeredcommontask", "pk": 55, "fields": {"student": 4, "finished_at": "2023-02-03T19:23:43.638Z", "status": "EVALUATED", "grade": 4, "answer": "student answer example", "file": "", "common_task": 38, "comment_from_teacher": ""}}, {"model": "univ_app.answeredcommontask", "pk": 56, "fields": {"student": 5, "finished_at": "2023-02-03T20:55:36.328Z", "status": "EVALUATED", "grade": 5, "answer": "student answer example", "file": "", "common_task": 38, "comment_from_teacher": ""}}, {"model": "univ_app.answeredcommontask", "pk": 57, "fields": {"student": 6, "finished_at": "2023-02-03T20:27:05.757Z", "status": "PASSED", "grade": null, "answer": "student answer example", "file": "", "common_task": 38, "comment_from_teacher": ""}}, {"model": "univ_app.answeredcommontask", "pk": 58, "fields": {"student": 1, "finished_at": "2023-02-03T19:00:52.830Z", "status": "EVALUATED", "grade": 2, "answer": "student answer example", "file": "", "common_task": 39, "comment_from_teacher": ""}}, {"model": "univ_app.answeredcommontask", "pk": 59, "fields": {"student": 2, "finished_at": "2023-02-03T19:21:31.738Z", "status": "EVALUATED", "grade": 3, "answer": "student answer example", "file": "", "common_task": 39, "comment_from_teacher": ""}}, {"model": "univ_app.answeredcommontask", "pk": 60, "fields": {"student": 3, "finished_at": "2023-02-03T19:22:56.482Z", "status": "EVALUATED", "grade": 3, "answer": "student answer example", "file": "", "common_task": 39, "comment_from_teacher": ""}}, {"model": "univ_app.answeredcommontask", "pk": 61, "fields": {"student": 4, "finished_at": "2023-02-03T19:23:40.583Z", "status": "EVALUATED", "grade": 4, "answer": "student answer example", "file": "", "common_task": 39, "comment_from_teacher": ""}}, {"model": "univ_app.answeredcommontask", "pk": 62, "fields": {"student": 5, "finished_at": "2023-02-03T21:01:02.973Z", "status": "ASSIGNED", "grade": null, "answer": "student answer example", "file": "uploads/answered_common_tasks/sample_K3tKoqc.pdf", "common_task": 39, "comment_from_teacher": "Пункт 2 сделан не полностью"}}, {"model": "univ_app.answeredcommontask", "pk": 63, "fields": {"student": 6, "finished_at": "2023-02-03T20:27:08.657Z", "status": "PASSED", "grade": null, "answer": "student answer example", "file": "", "common_task": 39, "comment_from_teacher": ""}}, {"model": "univ_app.answeredcommontask", "pk": 64, "fields": {"student": 1, "finished_at": "2023-02-03T19:00:56.274Z", "status": "EVALUATED", "grade": 4, "answer": "student answer example", "file": "", "common_task": 40, "comment_from_teacher": ""}}, {"model": "univ_app.answeredcommontask", "pk": 65, "fields": {"student": 2, "finished_at": "2023-02-03T19:21:27.309Z", "status": "PASSED", "grade": null, "answer": "student answer example", "file": "", "common_task": 40, "comment_from_teacher": ""}}, {"model": "univ_app.answeredcommontask", "pk": 66, "fields": {"student": 3, "finished_at": "2023-02-03T19:22:52.916Z", "status": "EVALUATED", "grade": 3, "answer": "student answer example", "file": "", "common_task": 40, "comment_from_teacher": ""}}, {"model": "univ_app.answeredcommontask", "pk": 67, "fields": {"student": 4, "finished_at": "2023-02-03T19:23:50.942Z", "status": "EVALUATED", "grade": 4, "answer": "student answer example", "file": "", "common_task": 40, "comment_from_teacher": ""}}, {"model": "univ_app.answeredcommontask", "pk": 68, "fields": {"student": 5, "finished_at": "2023-02-03T20:55:33.270Z", "status": "ASSIGNED", "grade": null, "answer": "student answer example", "file": "", "common_task": 40, "comment_from_teacher": ""}}, {"model": "univ_app.answeredcommontask", "pk": 69, "fields": {"student": 6, "finished_at": "2023-02-03T20:27:11.393Z", "status": "EVALUATED", "grade": 5, "answer": "student answer example", "file": "", "common_task": 40, "comment_from_teacher": ""}}, {"model": "univ_app.answeredcommontask", "pk": 70, "fields": {"student": 1, "finished_at": "2023-02-03T18:52:47.651Z", "status": "PASSED", "grade": null, "answer": "student answer example", "file": "uploads/answered_common_tasks/sample_MsZbuR2.pdf", "common_task": 41, "comment_from_teacher": ""}}, {"model": "univ_app.answeredcommontask", "pk": 71, "fields": {"student": 2, "finished_at": "2023-02-05T11:15:13.889Z", "status": "EVALUATED", "grade": 4, "answer": "ответ студstudent answer exampleента", "file": "uploads/answered_common_tasks/sample_hjV4Kx5.pdf", "common_task": 41, "comment_from_teacher": ""}}, {"model": "univ_app.answeredcommontask", "pk": 72, "fields": {"student": 3, "finished_at": "2023-02-03T19:22:37.023Z", "status": "EVALUATED", "grade": 5, "answer": "student answer example", "file": "", "common_task": 41, "comment_from_teacher": ""}}, {"model": "univ_app.answeredcommontask", "pk": 73, "fields": {"student": 4, "finished_at": "2023-02-03T19:23:47.046Z", "status": "EVALUATED", "grade": 3, "answer": "student answer example", "file": "", "common_task": 41, "comment_from_teacher": ""}}, {"model": "univ_app.answeredcommontask", "pk": 74, "fields": {"student": 5, "finished_at": "2023-02-03T20:56:56.246Z", "status": "EVALUATED", "grade": 5, "answer": "student answer example", "file": "", "common_task": 41, "comment_from_teacher": ""}}, {"model": "univ_app.answeredcommontask", "pk": 75, "fields": {"student": 6, "finished_at": "2023-02-03T20:27:14.317Z", "status": "EVALUATED", "grade": 5, "answer": "student answer example", "file": "", "common_task": 41, "comment_from_teacher": ""}}, {"model": "univ_app.answeredcommontask", "pk": 76, "fields": {"student": 1, "finished_at": "2023-02-05T12:40:52.601Z", "status": "ASSIGNED", "grade": null, "answer": "", "file": "", "common_task": 42, "comment_from_teacher": ""}}, {"model": "univ_app.answeredcommontask", "pk": 77, "fields": {"student": 2, "finished_at": "2023-02-05T12:40:52.659Z", "status": "ASSIGNED", "grade": null, "answer": "", "file": "", "common_task": 42, "comment_from_teacher": ""}}, {"model": "univ_app.answeredcommontask", "pk": 78, "fields": {"student": 3, "finished_at": "2023-02-05T12:40:52.726Z", "status": "ASSIGNED", "grade": null, "answer": "", "file": "", "common_task": 42, "comment_from_teacher": ""}}, {"model": "univ_app.answeredcommontask", "pk": 79, "fields": {"student": 4, "finished_at": "2023-02-05T12:40:52.801Z", "status": "ASSIGNED", "grade": null, "answer": "", "file": "", "common_task": 42, "comment_from_teacher": ""}}, {"model": "univ_app.answeredcommontask", "pk": 80, "fields": {"student": 5, "finished_at": "2023-02-05T12:40:52.875Z", "status": "ASSIGNED", "grade": null, "answer": "", "file": "", "common_task": 42, "comment_from_teacher": ""}}, {"model": "univ_app.answeredcommontask", "pk": 81, "fields": {"student": 6, "finished_at": "2023-02-05T12:40:52.942Z", "status": "ASSIGNED", "grade": null, "answer": "", "file": "", "common_task": 42, "comment_from_teacher": ""}}, {"model": "univ_app.answeredcommontask", "pk": 82, "fields": {"student": 1, "finished_at": "2023-02-05T12:56:16.861Z", "status": "ASSIGNED", "grade": null, "answer": "", "file": "", "common_task": 43, "comment_from_teacher": ""}}, {"model": "univ_app.answeredcommontask", "pk": 83, "fields": {"student": 2, "finished_at": "2023-02-05T12:56:16.967Z", "status": "ASSIGNED", "grade": null, "answer": "", "file": "", "common_task": 43, "comment_from_teacher": ""}}, {"model": "univ_app.answeredcommontask", "pk": 84, "fields": {"student": 3, "finished_at": "2023-02-05T12:56:17.026Z", "status": "ASSIGNED", "grade": null, "answer": "", "file": "", "common_task": 43, "comment_from_teacher": ""}}, {"model": "univ_app.answeredcommontask", "pk": 85, "fields": {"student": 4, "finished_at": "2023-02-05T12:56:17.084Z", "status": "ASSIGNED", "grade": null, "answer": "", "file": "", "common_task": 43, "comment_from_teacher": ""}}, {"model": "univ_app.answeredcommontask", "pk": 86, "fields": {"student": 5, "finished_at": "2023-02-05T12:56:17.143Z", "status": "ASSIGNED", "grade": null, "answer": "", "file": "", "common_task": 43, "comment_from_teacher": ""}}, {"model": "univ_app.answeredcommontask", "pk": 87, "fields": {"student": 6, "finished_at": "2023-02-05T12:56:17.274Z", "status": "ASSIGNED", "grade": null, "answer": "", "file": "", "common_task": 43, "comment_from_teacher": ""}}, {"model": "univ_app.answeredcommontask", "pk": 88, "fields": {"student": 1, "finished_at": "2023-02-05T12:57:33.725Z", "status": "ASSIGNED", "grade": null, "answer": "", "file": "", "common_task": 44, "comment_from_teacher": ""}}, {"model": "univ_app.answeredcommontask", "pk": 89, "fields": {"student": 2, "finished_at": "2023-02-05T12:57:33.782Z", "status": "ASSIGNED", "grade": null, "answer": "", "file": "", "common_task": 44, "comment_from_teacher": ""}}, {"model": "univ_app.answeredcommontask", "pk": 90, "fields": {"student": 3, "finished_at": "2023-02-05T12:57:33.841Z", "status": "ASSIGNED", "grade": null, "answer": "", "file": "", "common_task": 44, "comment_from_teacher": ""}}, {"model": "univ_app.answeredcommontask", "pk": 91, "fields": {"student": 4, "finished_at": "2023-02-05T12:57:33.932Z", "status": "ASSIGNED", "grade": null, "answer": "", "file": "", "common_task": 44, "comment_from_teacher": ""}}, {"model": "univ_app.answeredcommontask", "pk": 92, "fields": {"student": 5, "finished_at": "2023-02-05T12:57:33.997Z", "status": "ASSIGNED", "grade": null, "answer": "", "file": "", "common_task": 44, "comment_from_teacher": ""}}, {"model": "univ_app.answeredcommontask", "pk": 93, "fields": {"student": 6, "finished_at": "2023-02-05T12:57:34.063Z", "status": "ASSIGNED", "grade": null, "answer": "", "file": "", "common_task": 44, "comment_from_teacher": ""}}, {"model": "univ_app.answeredcommontask", "pk": 94, "fields": {"student": 1, "finished_at": "2023-02-05T12:59:27.109Z", "status": "ASSIGNED", "grade": null, "answer": "student answer example", "file": "uploads/answered_common_tasks/sample_3d9oAYQ.pdf", "common_task": 45, "comment_from_teacher": ""}}, {"model": "univ_app.answeredcommontask", "pk": 95, "fields": {"student": 2, "finished_at": "2023-02-05T12:57:54.446Z", "status": "ASSIGNED", "grade": null, "answer": "", "file": "", "common_task": 45, "comment_from_teacher": ""}}, {"model": "univ_app.answeredcommontask", "pk": 96, "fields": {"student": 3, "finished_at": "2023-02-05T12:57:54.513Z", "status": "ASSIGNED", "grade": null, "answer": "", "file": "", "common_task": 45, "comment_from_teacher": ""}}, {"model": "univ_app.answeredcommontask", "pk": 97, "fields": {"student": 4, "finished_at": "2023-02-05T12:57:54.588Z", "status": "ASSIGNED", "grade": null, "answer": "", "file": "", "common_task": 45, "comment_from_teacher": ""}}, {"model": "univ_app.answeredcommontask", "pk": 98, "fields": {"student": 5, "finished_at": "2023-02-05T12:57:54.671Z", "status": "ASSIGNED", "grade": null, "answer": "", "file": "", "common_task": 45, "comment_from_teacher": ""}}, {"model": "univ_app.answeredcommontask", "pk": 99, "fields": {"student": 6, "finished_at": "2023-02-05T12:57:54.755Z", "status": "ASSIGNED", "grade": null, "answer": "", "file": "", "common_task": 45, "comment_from_teacher": ""}}, {"model": "univ_app.answeredcommontask", "pk": 100, "fields": {"student": 1, "finished_at": "2023-02-05T14:35:42.549Z", "status": "ASSIGNED", "grade": null, "answer": "", "file": "", "common_task": 46, "comment_from_teacher": ""}}, {"model": "univ_app.answeredcommontask", "pk": 101, "fields": {"student": 2, "finished_at": "2023-02-05T14:35:42.623Z", "status": "ASSIGNED", "grade": null, "answer": "", "file": "", "common_task": 46, "comment_from_teacher": ""}}, {"model": "univ_app.answeredcommontask", "pk": 102, "fields": {"student": 3, "finished_at": "2023-02-05T14:35:42.682Z", "status": "ASSIGNED", "grade": null, "answer": "", "file": "", "common_task": 46, "comment_from_teacher": ""}}, {"model": "univ_app.answeredcommontask", "pk": 103, "fields": {"student": 4, "finished_at": "2023-02-05T14:35:42.756Z", "status": "ASSIGNED", "grade": null, "answer": "", "file": "", "common_task": 46, "comment_from_teacher": ""}}, {"model": "univ_app.answeredcommontask", "pk": 104, "fields": {"student": 5, "finished_at": "2023-02-05T14:35:42.823Z", "status": "ASSIGNED", "grade": null, "answer": "", "file": "", "common_task": 46, "comment_from_teacher": ""}}, {"model": "univ_app.answeredcommontask", "pk": 105, "fields": {"student": 6, "finished_at": "2023-02-05T14:35:42.889Z", "status": "ASSIGNED", "grade": null, "answer": "", "file": "", "common_task": 46, "comment_from_teacher": ""}}, {"model": "univ_app.answeredinfotask", "pk": 3, "fields": {"student": 1, "finished_at": "2023-02-01T16:05:38.175Z", "status": "CHECKED", "related_info_task": 5}}, {"model": "univ_app.answeredinfotask", "pk": 4, "fields": {"student": 2, "finished_at": "2023-02-01T16:05:38.245Z", "status": "CHECKED", "related_info_task": 5}}, {"model": "univ_app.answeredinfotask", "pk": 5, "fields": {"student": 3, "finished_at": "2023-02-01T16:05:38.295Z", "status": "CHECKED", "related_info_task": 5}}, {"model": "univ_app.answeredinfotask", "pk": 6, "fields": {"student": 4, "finished_at": "2023-02-01T16:05:38.345Z", "status": "CHECKED", "related_info_task": 5}}, {"model": "univ_app.answeredinfotask", "pk": 7, "fields": {"student": 5, "finished_at": "2023-02-01T16:05:38.412Z", "status": "CHECKED", "related_info_task": 5}}, {"model": "univ_app.answeredinfotask", "pk": 8, "fields": {"student": 6, "finished_at": "2023-02-01T16:05:38.478Z", "status": "CHECKED", "related_info_task": 5}}, {"model": "univ_app.takentest", "pk": 15, "fields": {"student": 4, "finished_at": "2023-02-01T16:04:23.799Z", "status": "ASSIGNED", "grade": null, "related_test": 20, "score": null}}, {"model": "univ_app.takentest", "pk": 21, "fields": {"student": 4, "finished_at": "2023-02-03T18:01:49.510Z", "status": "ASSIGNED", "grade": null, "related_test": 21, "score": null}}, {"model": "univ_app.takentest", "pk": 24, "fields": {"student": 1, "finished_at": "2023-02-03T18:31:37.310Z", "status": "EVALUATED", "grade": 5, "related_test": 20, "score": 0}}, {"model": "univ_app.takentest", "pk": 25, "fields": {"student": 1, "finished_at": "2023-02-03T19:01:03.855Z", "status": "EVALUATED", "grade": 5, "related_test": 21, "score": 1}}, {"model": "univ_app.takentest", "pk": 26, "fields": {"student": 2, "finished_at": "2023-02-03T19:21:11.028Z", "status": "EVALUATED", "grade": 5, "related_test": 20, "score": 2}}, {"model": "univ_app.takentest", "pk": 27, "fields": {"student": 3, "finished_at": "2023-02-03T19:22:40.170Z", "status": "EVALUATED", "grade": 0, "related_test": 21, "score": 0}}, {"model": "univ_app.takentest", "pk": 28, "fields": {"student": 3, "finished_at": "2023-02-03T19:23:00.190Z", "status": "EVALUATED", "grade": 2, "related_test": 20, "score": 1}}, {"model": "univ_app.takentest", "pk": 29, "fields": {"student": 6, "finished_at": "2023-02-03T20:27:17.328Z", "status": "EVALUATED", "grade": 5, "related_test": 20, "score": 2}}, {"model": "univ_app.takentest", "pk": 30, "fields": {"student": 6, "finished_at": "2023-02-03T20:27:37.149Z", "status": "EVALUATED", "grade": 0, "related_test": 21, "score": 0}}, {"model": "univ_app.takentest", "pk": 31, "fields": {"student": 5, "finished_at": "2023-02-03T20:56:18.493Z", "status": "EVALUATED", "grade": 5, "related_test": 20, "score": 2}}, {"model": "univ_app.takentest", "pk": 32, "fields": {"student": 5, "finished_at": "2023-02-03T20:56:45.421Z", "status": "EVALUATED", "grade": 5, "related_test": 21, "score": 1}}, {"model": "univ_app.takentest", "pk": 33, "fields": {"student": 7, "finished_at": "2023-02-05T10:43:10.017Z", "status": "ASSIGNED", "grade": null, "related_test": 22, "score": null}}, {"model": "univ_app.takentest", "pk": 34, "fields": {"student": 8, "finished_at": "2023-02-05T10:43:10.080Z", "status": "ASSIGNED", "grade": null, "related_test": 22, "score": null}}, {"model": "univ_app.takentest", "pk": 35, "fields": {"student": 9, "finished_at": "2023-02-05T10:43:10.146Z", "status": "ASSIGNED", "grade": null, "related_test": 22, "score": null}}, {"model": "univ_app.takentest", "pk": 36, "fields": {"student": 2, "finished_at": "2023-02-05T11:17:43.418Z", "status": "EVALUATED", "grade": 5, "related_test": 21, "score": 1}}, {"model": "univ_app.takentest", "pk": 39, "fields": {"student": 3, "finished_at": "2023-02-05T14:50:26.713Z", "status": "ASSIGNED", "grade": null, "related_test": 23, "score": null}}, {"model": "univ_app.takentest", "pk": 40, "fields": {"student": 4, "finished_at": "2023-02-05T14:50:26.839Z", "status": "ASSIGNED", "grade": null, "related_test": 23, "score": null}}, {"model": "univ_app.takentest", "pk": 41, "fields": {"student": 5, "finished_at": "2023-02-05T14:50:26.903Z", "status": "ASSIGNED", "grade": null, "related_test": 23, "score": null}}, {"model": "univ_app.takentest", "pk": 42, "fields": {"student": 6, "finished_at": "2023-02-05T14:50:26.970Z", "status": "ASSIGNED", "grade": null, "related_test": 23, "score": null}}, {"model": "univ_app.takentest", "pk": 43, "fields": {"student": 1, "finished_at": "2023-02-05T15:06:10.884Z", "status": "EVALUATED", "grade": 0, "related_test": 23, "score": 0}}, {"model": "univ_app.takentest", "pk": 44, "fields": {"student": 2, "finished_at": "2024-05-24T16:19:24.529Z", "status": "EVALUATED", "grade": 0, "related_test": 23, "score": 0}}, {"model": "univ_app.question", "pk": 29, "fields": {"question": "What is ... ?", "answered_correctly": false, "related_test": 20}}, {"model": "univ_app.question", "pk": 30, "fields": {"question": "What is ... ?", "answered_correctly": false, "related_test": 20}}, {"model": "univ_app.question", "pk": 31, "fields": {"question": "Why are... ?", "answered_correctly": false, "related_test": 21}}, {"model": "univ_app.question", "pk": 32, "fields": {"question": "Why are... ?", "answered_correctly": false, "related_test": 22}}, {"model": "univ_app.question", "pk": 33, "fields": {"question": "question 1", "answered_correctly": false, "related_test": 23}}, {"model": "univ_app.question", "pk": 34, "fields": {"question": "question 2", "answered_correctly": false, "related_test": 23}}, {"model": "univ_app.answer", "pk": 100, "fields": {"answer": "math expectation", "was_chosen": false, "is_right": true, "related_question": 29}}, {"model": "univ_app.answer", "pk": 101, "fields": {"answer": "incorrect answer", "was_chosen": false, "is_right": false, "related_question": 29}}, {"model": "univ_app.answer", "pk": 102, "fields": {"answer": "test_answer", "was_chosen": false, "is_right": true, "related_question": 30}}, {"model": "univ_app.answer", "pk": 103, "fields": {"answer": "probability theory term", "was_chosen": false, "is_right": false, "related_question": 30}}, {"model": "univ_app.answer", "pk": 104, "fields": {"answer": "test_text", "was_chosen": false, "is_right": false, "related_question": 31}}, {"model": "univ_app.answer", "pk": 105, "fields": {"answer": "test_text", "was_chosen": false, "is_right": true, "related_question": 31}}, {"model": "univ_app.answer", "pk": 106, "fields": {"answer": "test_text", "was_chosen": false, "is_right": true, "related_question": 32}}, {"model": "univ_app.answer", "pk": 107, "fields": {"answer": "test_text", "was_chosen": false, "is_right": false, "related_question": 32}}, {"model": "univ_app.answer", "pk": 108, "fields": {"answer": "test_text", "was_chosen": false, "is_right": false, "related_question": 33}}, {"model": "univ_app.answer", "pk": 109, "fields": {"answer": "test_text", "was_chosen": false, "is_right": true, "related_question": 33}}, {"model": "univ_app.answer", "pk": 110, "fields": {"answer": "test_text", "was_chosen": false, "is_right": false, "related_question": 33}}, {"model": "univ_app.answer", "pk": 111, "fields": {"answer": "test_text", "was_chosen": false, "is_right": false, "related_question": 34}}, {"model": "univ_app.answer", "pk": 112, "fields": {"answer": "test_text", "was_chosen": false, "is_right": false, "related_question": 34}}, {"model": "univ_app.answer", "pk": 113, "fields": {"answer": "test_text", "was_chosen": false, "is_right": true, "related_question": 34}}, {"model": "univ_app.answeredquestion", "pk": 30, "fields": {"related_taken_test": 24, "related_question": 29, "correct": true}}, {"model": "univ_app.answeredquestion", "pk": 31, "fields": {"related_taken_test": 24, "related_question": 30, "correct": true}}, {"model": "univ_app.answeredquestion", "pk": 32, "fields": {"related_taken_test": 25, "related_question": 31, "correct": true}}, {"model": "univ_app.answeredquestion", "pk": 33, "fields": {"related_taken_test": 26, "related_question": 29, "correct": true}}, {"model": "univ_app.answeredquestion", "pk": 34, "fields": {"related_taken_test": 26, "related_question": 30, "correct": true}}, {"model": "univ_app.answeredquestion", "pk": 35, "fields": {"related_taken_test": 27, "related_question": 31, "correct": false}}, {"model": "univ_app.answeredquestion", "pk": 36, "fields": {"related_taken_test": 28, "related_question": 29, "correct": false}}, {"model": "univ_app.answeredquestion", "pk": 37, "fields": {"related_taken_test": 28, "related_question": 30, "correct": true}}, {"model": "univ_app.answeredquestion", "pk": 38, "fields": {"related_taken_test": 29, "related_question": 29, "correct": true}}, {"model": "univ_app.answeredquestion", "pk": 39, "fields": {"related_taken_test": 29, "related_question": 30, "correct": true}}, {"model": "univ_app.answeredquestion", "pk": 40, "fields": {"related_taken_test": 30, "related_question": 31, "correct": false}}, {"model": "univ_app.answeredquestion", "pk": 41, "fields": {"related_taken_test": 31, "related_question": 29, "correct": true}}, {"model": "univ_app.answeredquestion", "pk": 42, "fields": {"related_taken_test": 31, "related_question": 30, "correct": true}}, {"model": "univ_app.answeredquestion", "pk": 43, "fields": {"related_taken_test": 32, "related_question": 31, "correct": true}}, {"model": "univ_app.answeredquestion", "pk": 44, "fields": {"related_taken_test": 36, "related_question": 31, "correct": true}}, {"model": "univ_app.answeredquestion", "pk": 45, "fields": {"related_taken_test": 43, "related_question": 33, "correct": false}}, {"model": "univ_app.answeredquestion", "pk": 46, "fields": {"related_taken_test": 43, "related_question": 34, "correct": false}}, {"model": "univ_app.answeredquestion", "pk": 47, "fields": {"related_taken_test": 44, "related_question": 33, "correct": false}}, {"model": "univ_app.answeredquestion", "pk": 48, "fields": {"related_taken_test": 44, "related_question": 34, "correct": false}}, {"model": "univ_app.givenanswer", "pk": 77, "fields": {"related_answered_question": 30, "checked": true}}, {"model": "univ_app.givenanswer", "pk": 78, "fields": {"related_answered_question": 30, "checked": false}}, {"model": "univ_app.givenanswer", "pk": 79, "fields": {"related_answered_question": 31, "checked": true}}, {"model": "univ_app.givenanswer", "pk": 80, "fields": {"related_answered_question": 31, "checked": false}}, {"model": "univ_app.givenanswer", "pk": 81, "fields": {"related_answered_question": 32, "checked": false}}, {"model": "univ_app.givenanswer", "pk": 82, "fields": {"related_answered_question": 32, "checked": true}}, {"model": "univ_app.givenanswer", "pk": 83, "fields": {"related_answered_question": 33, "checked": true}}, {"model": "univ_app.givenanswer", "pk": 84, "fields": {"related_answered_question": 33, "checked": false}}, {"model": "univ_app.givenanswer", "pk": 85, "fields": {"related_answered_question": 34, "checked": true}}, {"model": "univ_app.givenanswer", "pk": 86, "fields": {"related_answered_question": 34, "checked": false}}, {"model": "univ_app.givenanswer", "pk": 87, "fields": {"related_answered_question": 35, "checked": true}}, {"model": "univ_app.givenanswer", "pk": 88, "fields": {"related_answered_question": 35, "checked": false}}, {"model": "univ_app.givenanswer", "pk": 89, "fields": {"related_answered_question": 36, "checked": false}}, {"model": "univ_app.givenanswer", "pk": 90, "fields": {"related_answered_question": 36, "checked": true}}, {"model": "univ_app.givenanswer", "pk": 91, "fields": {"related_answered_question": 37, "checked": true}}, {"model": "univ_app.givenanswer", "pk": 92, "fields": {"related_answered_question": 37, "checked": false}}, {"model": "univ_app.givenanswer", "pk": 93, "fields": {"related_answered_question": 38, "checked": true}}, {"model": "univ_app.givenanswer", "pk": 94, "fields": {"related_answered_question": 38, "checked": false}}, {"model": "univ_app.givenanswer", "pk": 95, "fields": {"related_answered_question": 39, "checked": true}}, {"model": "univ_app.givenanswer", "pk": 96, "fields": {"related_answered_question": 39, "checked": false}}, {"model": "univ_app.givenanswer", "pk": 97, "fields": {"related_answered_question": 40, "checked": true}}, {"model": "univ_app.givenanswer", "pk": 98, "fields": {"related_answered_question": 40, "checked": false}}, {"model": "univ_app.givenanswer", "pk": 99, "fields": {"related_answered_question": 41, "checked": true}}, {"model": "univ_app.givenanswer", "pk": 100, "fields": {"related_answered_question": 41, "checked": false}}, {"model": "univ_app.givenanswer", "pk": 101, "fields": {"related_answered_question": 42, "checked": true}}, {"model": "univ_app.givenanswer", "pk": 102, "fields": {"related_answered_question": 42, "checked": false}}, {"model": "univ_app.givenanswer", "pk": 103, "fields": {"related_answered_question": 43, "checked": false}}, {"model": "univ_app.givenanswer", "pk": 104, "fields": {"related_answered_question": 43, "checked": true}}, {"model": "univ_app.givenanswer", "pk": 105, "fields": {"related_answered_question": 44, "checked": false}}, {"model": "univ_app.givenanswer", "pk": 106, "fields": {"related_answered_question": 44, "checked": true}}, {"model": "univ_app.givenanswer", "pk": 107, "fields": {"related_answered_question": 45, "checked": true}}, {"model": "univ_app.givenanswer", "pk": 108, "fields": {"related_answered_question": 45, "checked": false}}, {"model": "univ_app.givenanswer", "pk": 109, "fields": {"related_answered_question": 45, "checked": false}}, {"model": "univ_app.givenanswer", "pk": 110, "fields": {"related_answered_question": 46, "checked": false}}, {"model": "univ_app.givenanswer", "pk": 111, "fields": {"related_answered_question": 46, "checked": true}}, {"model": "univ_app.givenanswer", "pk": 112, "fields": {"related_answered_question": 46, "checked": false}}, {"model": "univ_app.givenanswer", "pk": 113, "fields": {"related_answered_question": 47, "checked": false}}, {"model": "univ_app.givenanswer", "pk": 114, "fields": {"related_answered_question": 47, "checked": false}}, {"model": "univ_app.givenanswer", "pk": 115, "fields": {"related_answered_question": 47, "checked": true}}, {"model": "univ_app.givenanswer", "pk": 116, "fields": {"related_answered_question": 48, "checked": false}}, {"model": "univ_app.givenanswer", "pk": 117, "fields": {"related_answered_question": 48, "checked": true}}, {"model": "univ_app.givenanswer", "pk": 118, "fields": {"related_answered_question": 48, "checked": false}}]